T 0.0001
E fx_mixed_legs - -0.1 0 6.543526 35.500317 -99.784758 -0.000000 30.691461 -105.460901 -0.000000 30.925721 -106.128016 -0.000000 30.925721 -106.128016 -0.000000 30.691461 -105.460901 -0.000000 30.925721 -106.128016
E fx_mixed_legs - 0.0 0 6.543526 35.500317 -99.784758 -0.000000 30.691461 -105.460901 -0.000000 30.925721 -106.128016 -0.000000 30.925721 -106.128016 -0.000000 30.691461 -105.460901 -0.000000 30.925721 -106.128016
E fx_mixed_legs - 0.137 0 6.539391 39.953222 -102.101447 0.229761 31.757333 -106.206841 0.165424 31.001010 -106.372608 -0.157850 34.785169 -108.591623 -0.229761 31.757333 -106.206841 -0.165424 31.001010 -106.372608
E fx_mixed_legs - 0.26499998569488525 0 6.445085 50.789705 -107.580221 0.859517 34.704821 -108.210754 0.636997 31.224689 -107.066271 -0.531769 45.498638 -114.800430 -0.859517 34.704821 -108.210754 -0.636997 31.224689 -107.066271
E fx_mixed_legs - 0.5299999713897705 0 5.000000 75.000000 -120.000000 3.428857 47.155756 -115.747538 2.861546 32.411683 -110.244475 -1.211109 88.694614 -130.504766 -3.428857 47.155756 -115.747538 -2.861546 32.411683 -110.244475
E fx_mixed_legs - 0.731 0 -0.890274 66.164588 -102.329177 -1.782197 44.890989 -112.694612 -0.112687 35.622880 -106.589153 -1.545459 72.046757 -133.742302 1.530810 29.690010 -106.734738 2.255008 24.943920 -101.887100
E fx_mixed_legs - 0.8100000023841858 0 -2.500000 63.750000 -97.500000 -3.077889 44.311587 -111.823703 -0.785754 36.369784 -105.530088 -1.583989 65.780695 -133.146774 3.030851 24.937113 -103.741956 3.599074 22.976641 -99.492665
E fx_mixed_legs - 1.090000033378601 0 -5.000000 60.000000 -90.000000 -4.982784 43.443160 -110.455345 -1.731379 37.435645 -103.855696 -1.592653 55.022329 -131.012737 5.484529 17.618344 -98.660618 5.637309 19.964997 -95.671096
E fx_mixed_legs - 1.449999988079071 0 -2.924981 69.959230 -115.400799 3.990695 37.232867 -108.455975 6.338692 34.211892 -103.992154 7.130721 40.986718 -116.784671 9.476626 23.987819 -101.606075 10.392926 25.966912 -101.744826
E fx_mixed_legs - 1.809999942779541 0 9.946653 72.267255 -136.686022 13.306036 30.380261 -104.591056 14.843882 29.475148 -102.151742 14.843882 29.475148 -102.151742 13.306036 30.380261 -104.591056 15.462991 31.324392 -107.290689
E fx_mixed_legs - 2.0199999809265137 0 4.909426 49.895848 -122.081510 6.674678 30.614180 -105.243211 7.535654 30.343447 -104.489310 7.535654 30.343447 -104.489310 6.674678 30.614180 -105.243211 7.694120 31.247270 -107.062886
E fx_mixed_legs - 2.2300000190734863 0 -0.000000 30.925721 -106.128016 -0.000000 30.691461 -105.460901 -0.000000 30.925721 -106.128016 -0.000000 30.925721 -106.128016 -0.000000 30.691461 -105.460901 -0.000000 30.925721 -106.128016
E fx_mixed_legs - 2.7300000190734863 0 -0.000000 30.925721 -106.128016 -0.000000 30.691461 -105.460901 -0.000000 30.925721 -106.128016 -0.000000 30.925721 -106.128016 -0.000000 30.691461 -105.460901 -0.000000 30.925721 -106.128016
E fx_mixed_legs FOOT_LIFT=1.5;BODY_ROLL=0.5 -0.1 0 6.543526 40.331642 -102.765412 -0.000000 30.691461 -105.460901 -0.000000 30.925721 -106.128016 -0.000000 30.925721 -106.128016 -0.000000 30.691461 -105.460901 -0.000000 30.925721 -106.128016
E fx_mixed_legs FOOT_LIFT=1.5;BODY_ROLL=0.5 0.0 0 6.543526 40.331642 -102.765412 -0.000000 30.691461 -105.460901 -0.000000 30.925721 -106.128016 -0.000000 30.925721 -106.128016 -0.000000 30.691461 -105.460901 -0.000000 30.925721 -106.128016
E fx_mixed_legs FOOT_LIFT=1.5;BODY_ROLL=0.5 0.137 0 6.485740 44.000559 -104.626440 0.114882 31.756354 -106.206567 0.082277 31.498352 -106.625134 -0.078315 35.183583 -108.951237 -0.114882 31.756354 -106.206567 -0.082277 31.498352 -106.625134
E fx_mixed_legs FOOT_LIFT=1.5;BODY_ROLL=0.5 0.26499998569488525 0 6.291506 53.042943 -109.114360 0.429816 34.691212 -108.207364 0.312316 33.081718 -107.985730 -0.257152 47.049770 -116.020643 -0.429816 34.691212 -108.207364 -0.312316 33.081718 -107.985730
E fx_mixed_legs FOOT_LIFT=1.5;BODY_ROLL=0.5 0.5299999713897705 1024 5.000000 75.000000 -120.000000 1.718111 46.947954 -115.724417 1.324609 39.795859 -113.526543 -0.454560 90.000000 -132.678519 -1.718111 46.947954 -115.724417 -1.324609 39.795859 -113.526543
E fx_mixed_legs FOOT_LIFT=1.5;BODY_ROLL=0.5 0.731 0 -0.890274 66.164588 -102.329177 -2.384657 44.833266 -112.633831 -0.583061 38.484652 -107.834123 -0.863416 84.467021 -138.443149 2.346009 29.626735 -106.658216 2.809028 27.890091 -103.377524
E fx_mixed_legs FOOT_LIFT=1.5;BODY_ROLL=0.5 0.8100000023841858 0 -2.500000 63.750000 -97.500000 -3.427340 44.280611 -111.780558 -1.048796 38.084935 -106.274837 -0.974222 80.204661 -138.963011 3.544907 24.906446 -103.685770 3.923208 24.758167 -100.425425
E fx_mixed_legs FOOT_LIFT=1.5;BODY_ROLL=0.5 1.090000033378601 0 -5.000000 60.000000 -90.000000 -4.982784 43.443160 -110.455345 -1.731379 37.435645 -103.855696 -1.146325 72.409393 -138.815702 5.484529 17.618344 -98.660618 5.637309 19.964997 -95.671096
E fx_mixed_legs FOOT_LIFT=1.5;BODY_ROLL=0.5 1.449999988079071 0 -2.797961 81.200898 -119.010783 3.990695 37.232867 -108.455975 6.338692 34.211892 -103.992154 7.216230 48.201583 -120.947100 9.476626 23.987819 -101.606075 10.392926 25.966912 -101.744826
E fx_mixed_legs FOOT_LIFT=1.5;BODY_ROLL=0.5 1.809999942779541 2 9.946653 90.000000 -144.011013 13.306036 30.380261 -104.591056 14.843882 29.475148 -102.151742 14.843882 29.475148 -102.151742 13.306036 30.380261 -104.591056 15.462991 31.324392 -107.290689
E fx_mixed_legs FOOT_LIFT=1.5;BODY_ROLL=0.5 2.0199999809265137 0 4.909426 58.961263 -126.777187 6.674678 30.614180 -105.243211 7.535654 30.343447 -104.489310 7.535654 30.343447 -104.489310 6.674678 30.614180 -105.243211 7.694120 31.247270 -107.062886
E fx_mixed_legs FOOT_LIFT=1.5;BODY_ROLL=0.5 2.2300000190734863 0 -0.000000 30.925721 -106.128016 -0.000000 30.691461 -105.460901 -0.000000 30.925721 -106.128016 -0.000000 30.925721 -106.128016 -0.000000 30.691461 -105.460901 -0.000000 30.925721 -106.128016
E fx_mixed_legs FOOT_LIFT=1.5;BODY_ROLL=0.5 2.7300000190734863 0 -0.000000 30.925721 -106.128016 -0.000000 30.691461 -105.460901 -0.000000 30.925721 -106.128016 -0.000000 30.925721 -106.128016 -0.000000 30.691461 -105.460901 -0.000000 30.925721 -106.128016
E fx_overlay - -0.1 0 -0.000000 30.925721 -106.128016 -0.000000 34.468731 -108.060164 -0.000000 30.925721 -106.128016 -0.000000 30.925721 -106.128016 -0.000000 30.691461 -105.460901 -0.000000 30.925721 -106.128016
E fx_overlay - 0.0 0 -0.000000 30.925721 -106.128016 -0.000000 34.468731 -108.060164 -0.000000 30.925721 -106.128016 -0.000000 30.925721 -106.128016 -0.000000 30.691461 -105.460901 -0.000000 30.925721 -106.128016
E fx_overlay - 0.137 0 2.343143 49.199213 -114.470995 3.306067 43.584232 -113.698353 3.378878 14.959164 -97.247894 -2.343143 49.199213 -114.470995 -3.951111 32.020417 -106.229290 -3.378878 14.959164 -97.247894
E fx_overlay - 0.6184999942779541 0 -1.399794 21.048471 -100.279536 -1.487331 41.210985 -112.361954 -1.185261 36.707594 -108.605420 1.399794 21.048471 -100.279536 1.808116 28.684863 -103.994095 1.185261 36.707594 -108.605420
E fx_overlay - 0.731 0 1.501309 41.269926 -111.070454 2.374408 30.140056 -105.012866 1.863901 20.919784 -100.665010 -1.501309 41.269926 -111.070454 -2.348307 30.917383 -105.563376 -1.863901 20.919784 -100.665010
E fx_overlay - 1.2369999885559082 0 -2.684280 25.563807 -105.105423 -3.244232 39.511974 -111.222913 -1.989149 53.658470 -117.272294 2.684280 25.563807 -105.105423 3.244232 39.511974 -111.222913 1.989149 53.658470 -117.272294
E fx_overlay - 1.7369999885559082 0 -2.684280 25.563807 -105.105423 -3.244232 39.511974 -111.222913 -1.989149 53.658470 -117.272294 2.684280 25.563807 -105.105423 3.244232 39.511974 -111.222913 1.989149 53.658470 -117.272294
E fx_overlay OVERLAY_AMPLITUDE=0.5 -0.1 0 -0.000000 30.925721 -106.128016 -0.000000 32.576390 -106.774032 -0.000000 30.925721 -106.128016 -0.000000 30.925721 -106.128016 -0.000000 30.691461 -105.460901 -0.000000 30.925721 -106.128016
E fx_overlay OVERLAY_AMPLITUDE=0.5 0.0 0 -0.000000 30.925721 -106.128016 -0.000000 32.576390 -106.774032 -0.000000 30.925721 -106.128016 -0.000000 30.925721 -106.128016 -0.000000 30.691461 -105.460901 -0.000000 30.925721 -106.128016
E fx_overlay OVERLAY_AMPLITUDE=0.5 0.137 0 1.288360 40.512938 -110.881555 1.819195 37.498114 -110.018410 1.546081 23.340739 -102.235626 -1.288360 40.512938 -110.881555 -1.981198 31.729614 -106.147769 -1.546081 23.340739 -102.235626
E fx_overlay OVERLAY_AMPLITUDE=0.5 0.6184999942779541 0 -0.671795 28.099594 -104.867179 -0.824324 38.056957 -110.404432 -0.618215 35.940848 -108.806317 0.671795 28.099594 -104.867179 0.904596 31.788772 -106.220841 0.618215 35.940848 -108.806317
E fx_overlay OVERLAY_AMPLITUDE=0.5 0.731 0 0.793290 38.613297 -110.317206 1.181871 32.893428 -106.977374 0.883788 28.421337 -105.336975 -0.793290 38.613297 -110.317206 -1.175334 33.284756 -107.245009 -0.883788 28.421337 -105.336975
E fx_overlay OVERLAY_AMPLITUDE=0.5 1.2369999885559082 0 -1.247654 32.513912 -108.638842 -1.625233 39.320074 -111.184749 -1.074420 46.609700 -114.749424 1.247654 32.513912 -108.638842 1.625233 39.320074 -111.184749 1.074420 46.609700 -114.749424
E fx_overlay OVERLAY_AMPLITUDE=0.5 1.7369999885559082 0 -1.247654 32.513912 -108.638842 -1.625233 39.320074 -111.184749 -1.074420 46.609700 -114.749424 1.247654 32.513912 -108.638842 1.625233 39.320074 -111.184749 1.074420 46.609700 -114.749424
E fx_params - -0.1 0 -0.000000 30.925721 -106.128016 -0.000000 30.691461 -105.460901 -0.000000 30.925721 -106.128016 -0.000000 30.925721 -106.128016 -0.000000 30.691461 -105.460901 -0.000000 30.925721 -106.128016
E fx_params - 0.0 0 -0.000000 30.925721 -106.128016 -0.000000 30.691461 -105.460901 -0.000000 30.925721 -106.128016 -0.000000 30.925721 -106.128016 -0.000000 30.691461 -105.460901 -0.000000 30.925721 -106.128016
E fx_params - 0.137 0 0.829046 34.134993 -105.447439 2.259598 31.428312 -103.772398 3.436142 28.107276 -103.294595 -0.755238 36.491827 -110.313993 0.051986 35.568648 -110.950385 1.928275 35.235500 -111.686105
E fx_params - 0.5149999856948853 0 6.864579 45.178870 -108.938353 8.557212 37.283586 -108.265766 9.103149 22.560170 -101.879379 1.577353 49.019112 -114.006088 0.353595 45.676369 -116.133487 3.072467 44.969074 -120.092092
E fx_params - 0.731 0 10.613986 51.586179 -110.707423 12.322217 41.361667 -111.756468 12.160362 19.483305 -101.714873 3.406885 54.879241 -114.035252 0.614821 50.549322 -117.279725 3.232728 50.221013 -123.802498
E fx_params - 1.0299999713897705 0 11.998638 56.354800 -106.699289 16.305108 43.352020 -108.265200 19.220377 14.049293 -95.468417 3.065388 66.575609 -119.605687 1.161515 61.759291 -126.562087 7.821032 59.898543 -133.439092
E fx_params - 1.5299999713897705 0 11.998638 56.354800 -106.699289 16.305108 43.352020 -108.265200 19.220377 14.049293 -95.468417 3.065388 66.575609 -119.605687 1.161515 61.759291 -126.562087 7.821032 59.898543 -133.439092
E fx_params SPEED=2.0;BODY_X=2.0;BODY_Y=0.5;BODY_Z=1.5;BODY_ROLL=0.0;BODY_PITCH=2.0;BODY_YAW=0.5;FOOT_LIFT=2.0;OVERLAY_AMPLITUDE=0.25;REPEAT=3 -0.1 0 -0.000000 30.925721 -106.128016 -0.000000 30.691461 -105.460901 -0.000000 30.925721 -106.128016 -0.000000 30.925721 -106.128016 -0.000000 30.691461 -105.460901 -0.000000 30.925721 -106.128016
E fx_params SPEED=2.0;BODY_X=2.0;BODY_Y=0.5;BODY_Z=1.5;BODY_ROLL=0.0;BODY_PITCH=2.0;BODY_YAW=0.5;FOOT_LIFT=2.0;OVERLAY_AMPLITUDE=0.25;REPEAT=3 0.0 0 -0.000000 30.925721 -106.128016 -0.000000 30.691461 -105.460901 -0.000000 30.925721 -106.128016 -0.000000 30.925721 -106.128016 -0.000000 30.691461 -105.460901 -0.000000 30.925721 -106.128016
E fx_params SPEED=2.0;BODY_X=2.0;BODY_Y=0.5;BODY_Z=1.5;BODY_ROLL=0.0;BODY_PITCH=2.0;BODY_YAW=0.5;FOOT_LIFT=2.0;OVERLAY_AMPLITUDE=0.25;REPEAT=3 0.137 0 -0.008819 34.332172 -106.592949 0.918068 32.856923 -105.417179 1.783495 29.199020 -104.043372 -0.490257 36.965298 -110.912265 0.251697 38.531355 -112.249008 1.414595 41.718967 -114.696111
E fx_params SPEED=2.0;BODY_X=2.0;BODY_Y=0.5;BODY_Z=1.5;BODY_ROLL=0.0;BODY_PITCH=2.0;BODY_YAW=0.5;FOOT_LIFT=2.0;OVERLAY_AMPLITUDE=0.25;REPEAT=3 0.5149999856948853 0 1.676454 44.382965 -109.678757 3.392483 40.368335 -109.030848 4.406394 25.690867 -101.795344 0.189254 53.452007 -120.085388 0.960556 60.081319 -125.148336 3.789119 73.368933 -132.486086
E fx_params SPEED=2.0;BODY_X=2.0;BODY_Y=0.5;BODY_Z=1.5;BODY_ROLL=0.0;BODY_PITCH=2.0;BODY_YAW=0.5;FOOT_LIFT=2.0;OVERLAY_AMPLITUDE=0.25;REPEAT=3 0.731 65536 2.642721 49.777619 -110.772462 4.778151 44.723691 -111.002076 5.544101 23.887679 -101.096398 0.755475 63.117575 -124.190478 1.370300 72.986400 -130.929203 5.295232 90.000000 -140.075190
E fx_params SPEED=2.0;BODY_X=2.0;BODY_Y=0.5;BODY_Z=1.5;BODY_ROLL=0.0;BODY_PITCH=2.0;BODY_YAW=0.5;FOOT_LIFT=2.0;OVERLAY_AMPLITUDE=0.25;REPEAT=3 1.0299999713897705 204800 2.130148 54.189086 -107.677439 6.378143 47.841094 -108.414539 8.464038 20.633379 -97.469390 -0.279294 79.390786 -132.034994 2.042042 90.000000 -142.296462 10.183597 90.000000 -149.000000
E fx_params SPEED=2.0;BODY_X=2.0;BODY_Y=0.5;BODY_Z=1.5;BODY_ROLL=0.0;BODY_PITCH=2.0;BODY_YAW=0.5;FOOT_LIFT=2.0;OVERLAY_AMPLITUDE=0.25;REPEAT=3 1.5299999713897705 204800 2.130148 54.189086 -107.677439 6.378143 47.841094 -108.414539 8.464038 20.633379 -97.469390 -0.279294 79.390786 -132.034994 2.042042 90.000000 -142.296462 10.183597 90.000000 -149.000000
E fx_single - -0.1 0 3.508530 84.682861 -125.430008 6.799511 58.952123 -121.400392 6.661226 29.020347 -111.242967 0.000000 85.000000 -130.000000 -6.799511 58.952123 -121.400392 -6.661226 29.020347 -111.242967
E fx_single - 0.0 0 3.508530 84.682861 -125.430008 6.799511 58.952123 -121.400392 6.661226 29.020347 -111.242967 0.000000 85.000000 -130.000000 -6.799511 58.952123 -121.400392 -6.661226 29.020347 -111.242967
E fx_single - 0.137 0 3.508530 84.682861 -125.430008 6.799511 58.952123 -121.400392 6.661226 29.020347 -111.242967 0.000000 85.000000 -130.000000 -6.799511 58.952123 -121.400392 -6.661226 29.020347 -111.242967
E fx_single - 0.5 0 3.508530 84.682861 -125.430008 6.799511 58.952123 -121.400392 6.661226 29.020347 -111.242967 0.000000 85.000000 -130.000000 -6.799511 58.952123 -121.400392 -6.661226 29.020347 -111.242967
E fx_single - 0.731 0 3.508530 84.682861 -125.430008 6.799511 58.952123 -121.400392 6.661226 29.020347 -111.242967 0.000000 85.000000 -130.000000 -6.799511 58.952123 -121.400392 -6.661226 29.020347 -111.242967
P 0 fx_mixed_legs - 0.02 0.050000 -0.030000 0.000000 8.000000 -6.000000 12.000000 15.000000 0.000000 0.000000 0.000000 0.000000 0.000000 0.000000 -10.000000 5.000000 0.000000 0.000000 0.000000 0.000000 0.000000 0.000000 -5.000000 5.000000 0.000000
S ENTRY 0 -8.995842 52.070337 -107.800675 -1.405819 44.545093 -108.017539 -1.064522 39.305935 -101.445461 -2.941909 51.890436 -124.520516 1.394493 41.159409 -118.473739 0.928892 34.851401 -112.071064
S ENTRY 0 -8.774650 56.300072 -109.945921 -1.380882 44.327968 -108.009524 -1.092286 40.993145 -102.616456 -2.885268 51.484197 -124.205111 1.369935 40.966146 -118.246061 0.922999 36.240524 -112.894279
S ENTRY 0 -8.367302 60.136173 -111.792350 -1.339333 43.963645 -107.993156 -1.102434 42.543279 -103.812345 -2.791275 50.810912 -123.678984 1.329006 40.644950 -117.866575 0.905809 37.516448 -113.592242
S ENTRY 0 -7.769269 63.461962 -113.328743 -1.281191 43.448502 -107.963926 -1.092581 43.912620 -105.017105 -2.660534 49.876055 -122.941407 1.271706 40.197141 -117.335227 0.876687 38.638187 -114.145000
S ENTRY 0 -6.976644 66.174374 -114.556510 -1.206484 42.777572 -107.915540 -1.060803 45.057248 -106.214581 -2.493884 48.686914 -121.991261 1.198034 39.624470 -116.651888 0.835056 39.568644 -114.535738
S ENTRY 0 -5.986576 68.184323 -115.482023 -1.115245 41.944650 -107.839934 -1.005759 45.932816 -107.387033 -2.292381 47.252240 -120.826931 1.107986 38.929033 -115.816312 0.780412 40.275998 -114.750816
S ENTRY 0 -4.797664 69.414499 -116.107476 -1.007513 40.942434 -107.727301 -0.926797 46.494344 -108.513611 -2.057288 45.581834 -119.446186 1.001554 38.113167 -114.828074 0.712356 40.734896 -114.779698
S ENTRY 0 -3.410268 69.796089 -116.421798 -0.883333 39.762711 -107.566136 -0.824036 46.696201 -109.569008 -1.790059 43.686079 -117.846018 0.878725 37.179326 -113.686499 0.630591 40.927371 -114.614801
S ENTRY 0 -1.826734 69.266644 -116.393256 -0.742754 38.396573 -107.343283 -0.698418 46.492550 -110.522466 -1.492319 41.575453 -116.022454 0.739477 36.129954 -112.390579 0.534934 40.843453 -114.251341
S ENTRY 0 -0.156545 67.852642 -115.991698 -0.595114 36.928166 -107.063197 -0.560379 45.874516 -111.288241 -1.184991 39.395915 -114.092276 0.592999 35.035906 -111.024942 0.431833 40.498945 -113.718167
S ENTRY 0 1.338439 65.749488 -115.253594 -0.463105 35.587275 -106.772996 -0.433540 44.915281 -111.727214 -0.914780 37.476431 -112.352344 0.461820 34.063923 -109.799431 0.337730 39.940665 -113.089392
S ENTRY 0 2.643760 63.013234 -114.188382 -0.347705 34.394386 -106.488692 -0.321232 43.639361 -111.838657 -0.682048 35.819081 -110.819591 0.346978 33.218530 -108.724324 0.254215 39.179754 -112.368516
S ENTRY 0 3.758758 59.705671 -112.796463 -0.248866 33.357955 -106.222594 -0.225226 42.080978 -111.634675 -0.485264 34.413640 -109.497572 0.248493 32.497334 -107.800495 0.181983 38.232207 -111.559660
S ENTRY 0 4.684149 55.904054 -111.077360 -0.166552 32.484791 -105.985141 -0.146581 40.286390 -111.134987 -0.323152 33.252329 -108.389734 0.166384 31.898542 -107.028866 0.121542 37.120312 -110.671198
S ENTRY 0 5.421394 51.701771 -109.036633 -0.100732 31.780260 -105.784954 -0.085610 38.311762 -110.367102 -0.194673 32.329336 -107.499234 0.100671 31.420840 -106.410322 0.073209 35.871905 -109.715848
S ENTRY 0 5.972206 47.207230 -106.692259 -0.051386 31.248457 -105.628875 -0.041896 36.220395 -109.365969 -0.099014 31.640431 -106.828798 0.051370 31.063288 -105.945653 0.037125 34.519453 -108.710654
S ENTRY 0 6.338211 42.540841 -104.079549 -0.018497 30.892332 -105.522005 -0.014382 34.079684 -108.173131 -0.035571 31.182684 -106.380585 0.018495 30.825248 -105.635499 0.013263 33.099027 -107.676822
S ENTRY 0 6.520745 37.830731 -101.254092 -0.002055 30.713799 -105.467725 -0.001516 31.958177 -106.835457 -0.003948 30.954254 -106.156096 0.002055 30.706322 -105.480306 0.001460 31.649200 -106.639371
S PLAYING 0 6.543526 35.500317 -99.784758 -0.000000 30.691461 -105.460901 -0.000000 30.925721 -106.128016 -0.000000 30.925721 -106.128016 -0.000000 30.691461 -105.460901 -0.000000 30.925721 -106.128016
S PLAYING 0 6.543614 35.598019 -99.836011 0.004897 30.714125 -105.476881 0.003489 30.927291 -106.133182 -0.003486 31.007701 -106.181622 -0.004897 30.714125 -105.476881 -0.003489 30.927291 -106.133182
S PLAYING 0 6.543831 35.890393 -99.989274 0.019587 30.782132 -105.524800 0.013967 30.932009 -106.148690 -0.013911 31.253709 -106.342149 -0.019587 30.782132 -105.524800 -0.013967 30.932009 -106.148690
S PLAYING 0 6.544038 36.375239 -100.243056 0.044070 30.895521 -105.604592 0.031460 30.939902 -106.174578 -0.031181 31.663958 -106.608734 -0.044070 30.895521 -105.604592 -0.031460 30.939902 -106.174578
S PLAYING 0 6.544005 37.048893 -100.594887 0.078347 31.054359 -105.716150 0.056017 30.951017 -106.210908 -0.055135 32.238801 -106.979939 -0.078347 31.054359 -105.716150 -0.056017 30.951017 -106.210908
S PLAYING 0 6.543411 37.906229 -101.041348 0.122416 31.258740 -105.859322 0.087704 30.965417 -106.257768 -0.085551 32.978741 -107.453749 -0.122416 31.258740 -105.859322 -0.087704 30.965417 -106.257768
S PLAYING 0 6.541848 38.940666 -101.578097 0.176279 31.508784 -106.033913 0.126606 30.983185 -106.315267 -0.122145 33.884426 -108.027578 -0.176279 31.508784 -106.033913 -0.126606 30.983185 -106.315267
S PLAYING 0 6.538823 40.144169 -102.199914 0.239933 31.804638 -106.239684 0.172828 31.004421 -106.383542 -0.164570 34.956656 -108.698259 -0.239933 31.804638 -106.239684 -0.172828 31.004421 -106.383542
S PLAYING 0 6.533761 41.507262 -102.900757 0.313379 32.146479 -106.476352 0.226495 31.029244 -106.462753 -0.212420 36.196372 -109.462045 -0.313379 32.146479 -106.476352 -0.226495 31.029244 -106.462753
S PLAYING 0 6.526012 43.019034 -103.673822 0.396615 32.534509 -106.743587 0.287752 31.057793 -106.553082 -0.265229 37.604651 -110.314591 -0.396615 32.534509 -106.743587 -0.287752 31.057793 -106.553082
S PLAYING 0 6.514853 44.667150 -104.511614 0.489638 32.968958 -107.041014 0.356763 31.090224 -106.654737 -0.322474 39.182677 -111.250941 -0.489638 32.968958 -107.041014 -0.356763 31.090224 -106.654737
S PLAYING 0 6.499494 46.437872 -105.406032 0.592446 33.450086 -107.368213 0.433714 31.126712 -106.767949 -0.383575 40.931705 -112.265495 -0.592446 33.450086 -107.368213 -0.433714 31.126712 -106.767949
S PLAYING 0 6.479084 48.316071 -106.348459 0.705035 33.978179 -107.724715 0.518813 31.167454 -106.892969 -0.447895 42.852997 -113.351970 -0.705035 33.978179 -107.724715 -0.518813 31.167454 -106.892969
S PLAYING 0 6.452718 50.285254 -107.329867 0.827399 34.553551 -108.110000 0.612290 31.212662 -107.030073 -0.514747 44.947734 -114.503345 -0.827399 34.553551 -108.110000 -0.612290 31.212662 -107.030073
S PLAYING 0 6.419443 52.327597 -108.340928 0.959533 35.176544 -108.523502 0.714395 31.262571 -107.179557 -0.583387 47.216887 -115.711792 -0.959533 35.176544 -108.523502 -0.714395 31.262571 -107.179557
S PLAYING 0 6.378267 54.423979 -109.372143 1.101426 35.847525 -108.964597 0.825404 31.317435 -107.341741 -0.653023 49.661038 -116.968583 -1.101426 35.847525 -108.964597 -0.825404 31.317435 -107.341741
S PLAYING 0 6.328164 56.554033 -110.413977 1.253070 36.566889 -109.432611 0.945615 31.377529 -107.516961 -0.722812 52.280150 -118.263979 -1.253070 36.566889 -109.432611 -0.945615 31.377529 -107.516961
S PLAYING 0 6.268087 58.696205 -111.457013 1.414450 37.335052 -109.926810 1.075354 31.443146 -107.705576 -0.791861 55.073252 -119.587100 -1.414450 37.335052 -109.926810 -1.075354 31.443146 -107.705576
S PLAYING 0 6.196971 60.827835 -112.492118 1.585553 38.152456 -110.446402 1.214969 31.514603 -107.907963 -0.859229 58.038049 -120.925766 -1.585553 38.152456 -110.446402 -1.214969 31.514603 -107.907963
S PLAYING 0 6.113746 62.925248 -113.510620 1.766359 39.019559 -110.990530 1.364838 31.592238 -108.124518 -0.923927 61.170430 -122.266325 -1.766359 39.019559 -110.990530 -1.364838 31.592238 -108.124518
S PLAYING 0 6.017347 64.963878 -114.504511 1.956847 39.936837 -111.558270 1.525364 31.676411 -108.355654 -0.984918 64.463868 -123.593462 -1.956847 39.936837 -111.558270 -1.525364 31.676411 -108.355654
S PLAYING 0 5.906720 66.918410 -115.466655 2.156992 40.904777 -112.148627 1.696982 31.767504 -108.601800 -1.041114 67.908728 -124.890004 -2.156992 40.904777 -112.148627 -1.696982 31.767504 -108.601800
S PLAYING 0 5.780835 68.762957 -116.391030 2.366764 41.923873 -112.760528 1.880155 31.865925 -108.863401 -1.091380 71.491479 -126.136737 -2.366764 41.923873 -112.760528 -1.880155 31.865925 -108.863401
S PLAYING 0 5.638696 70.471277 -117.272971 2.586131 42.994618 -113.392818 2.075380 31.972106 -109.140916 -1.134531 75.193867 -127.312259 -2.586131 42.994618 -113.392818 -2.075380 31.972106 -109.140916
S PLAYING 0 5.479352 72.017027 -118.109445 2.815052 44.117496 -114.044253 2.283187 32.086502 -109.434818 -1.169326 78.992122 -128.392908 -2.815052 44.117496 -114.044253 -2.283187 32.086502 -109.434818
S PLAYING 0 5.301905 73.374059 -118.899344 3.053485 45.292975 -114.713492 2.504140 32.209598 -109.745592 -1.194469 82.856299 -129.352802 -3.053485 45.292975 -114.713492 -2.504140 32.209598 -109.745592
S PLAYING 0 5.105527 74.516771 -119.643786 3.301379 46.521489 -115.399089 2.738842 32.341907 -110.073734 -1.208608 86.749928 -130.164050 -3.301379 46.521489 -115.399089 -2.738842 32.341907 -110.073734
S PLAYING 0 4.646045 74.469067 -118.938135 3.094845 47.012991 -115.572267 2.657036 32.628003 -110.037594 -1.239141 87.997295 -130.930220 -3.153894 46.113518 -115.296158 -2.545807 31.948508 -109.759278
S PLAYING 0 3.957270 73.435904 -116.871809 2.452490 46.737673 -115.227615 2.269383 33.039901 -109.629577 -1.290908 86.529393 -131.678196 -2.610515 44.079346 -114.383454 -1.934283 31.053089 -108.809066
S PLAYING 0 3.294004 72.441007 -114.882013 1.843462 46.475652 -114.891518 1.908556 33.425445 -109.230214 -1.337237 84.975652 -132.296078 -2.076807 42.114654 -113.462282 -1.349083 30.197927 -107.886428
S PLAYING 0 2.656249 71.484374 -112.968748 1.266704 46.226555 -114.564733 1.572724 33.786117 -108.840599 -1.378468 83.351021 -132.792913 -1.553883 40.221798 -112.538067 -0.789862 29.381936 -106.992140
S PLAYING 0 2.044005 70.566007 -111.132014 0.721189 45.990023 -114.247930 1.260220 34.123307 -108.461709 -1.414936 81.671007 -133.178191 -1.042831 38.402600 -111.615871 -0.256273 28.604123 -106.126963
S PLAYING 0 1.457270 69.685905 -109.371810 0.205920 45.765717 -113.941699 0.969533 34.438316 -108.094419 -1.446969 79.951358 -133.461726 -0.544713 36.658424 -110.700420 0.252031 27.863582 -105.291635
S PLAYING 0 0.896046 68.844068 -107.688137 -0.280063 45.553312 -113.646559 0.699286 34.732357 -107.739511 -1.474890 78.207753 -133.653519 -0.060562 34.990260 -109.796119 0.735398 27.159491 -104.486875
S PLAYING 0 0.360331 68.040497 -106.080994 -0.737684 45.352503 -113.362962 0.448226 35.006554 -107.397674 -1.499015 76.455504 -133.763615 0.408626 33.398782 -108.907079 1.194171 26.491108 -103.713381
S PLAYING 0 -0.149873 67.275191 -104.550382 -1.167826 45.163000 -113.091303 0.215214 35.261949 -107.069520 -1.519654 74.709304 -133.801966 0.861885 31.884415 -108.037133 1.628685 25.857760 -102.971833
S PLAYING 0 -0.634567 66.548150 -103.096300 -1.571331 44.984534 -112.831926 -0.000789 35.499505 -106.755584 -1.537108 72.983016 -133.778313 1.298292 30.447384 -107.189858 2.039270 25.258844 -102.262890
S PLAYING 0 -1.093750 65.859375 -101.718750 -1.948999 44.816850 -112.585125 -0.200729 35.720105 -106.456338 -1.551675 71.289526 -133.702074 1.716962 29.087754 -106.368589 2.426245 24.693821 -101.587187
S PLAYING 0 -1.527424 65.208865 -100.417729 -2.301585 44.659711 -112.351154 -0.385465 35.924561 -106.172190 -1.563641 69.640632 -133.582258 2.117051 27.805474 -105.576435 2.789919 24.162207 -100.945341
S PLAYING 0 -1.935587 64.596620 -99.193240 -2.629803 44.512896 -112.130230 -0.555781 36.113616 -105.903496 -1.573286 68.047000 -133.427400 2.497761 26.600404 -104.816295 3.130589 23.663573 -100.337942
S PLAYING 0 -2.318240 64.022640 -98.045281 -2.934321 44.376200 -111.922538 -0.712388 36.287946 -105.650561 -1.580880 66.518154 -133.245507 2.858337 25.472341 -104.090865 3.448536 23.197539 -99.765557
S PLAYING 0 -2.675383 63.486926 -96.973852 -3.215763 44.249434 -111.728232 -0.855930 36.448167 -105.413650 -1.586681 65.062500 -133.044032 3.198069 24.421043 -103.402650 3.744031 22.763771 -99.228728
S PLAYING 0 -3.007015 62.989477 -95.978954 -3.474711 44.132424 -111.547443 -0.986990 36.594835 -105.192985 -1.590939 63.687380 -132.829852 3.516295 23.446245 -102.753974 4.017327 22.361975 -98.727968
S PLAYING 0 -3.313138 62.530294 -95.060587 -3.711702 44.025009 -111.380278 -1.106097 36.728452 -104.988756 -1.593890 62.399143 -132.609269 3.812400 22.547670 -102.146980 4.268663 21.991894 -98.263763
S PLAYING 0 -3.593750 62.109375 -94.218750 -3.927230 43.927042 -111.226827 -1.213722 36.849469 -104.801124 -1.595757 61.203229 -132.388007 4.085816 21.725045 -101.583644 4.498260 21.653306 -97.836569
S PLAYING 0 -3.848852 61.726722 -93.453444 -4.121745 43.838392 -111.087161 -1.310290 36.958289 -104.630222 -1.596750 60.104257 -132.171229 4.336023 20.978104 -101.065771 4.706322 21.346017 -97.446809
S PLAYING 0 -4.078444 61.382334 -92.764669 -4.295656 43.758940 -110.961339 -1.396177 37.055267 -104.476161 -1.597063 59.106112 -131.963547 4.562549 20.306596 -100.595001 4.893037 21.069864 -97.094874
S PLAYING 0 -4.282525 61.076212 -92.152424 -4.449329 43.688578 -110.849409 -1.471716 37.140718 -104.339031 -1.596874 58.212031 -131.769044 4.764969 19.710293 -100.172809 5.058575 20.824705 -96.781120
S PLAYING 0 -4.461097 60.808355 -91.616710 -4.583089 43.627214 -110.751408 -1.537197 37.214914 -104.218907 -1.596344 57.424684 -131.591291 4.942907 19.188986 -99.800509 5.203088 20.610424 -96.505868
S PLAYING 0 -4.614158 60.578763 -91.157526 -4.697218 43.574766 -110.667363 -1.592870 37.278090 -104.115849 -1.595617 56.746250 -131.433363 5.096033 18.742491 -99.479252 5.326707 20.426921 -96.269402
S PLAYING 0 -4.741709 60.387436 -90.774873 -4.791957 43.531163 -110.597298 -1.638948 37.330442 -104.029903 -1.594817 56.178474 -131.297863 5.224068 18.370652 -99.210024 5.429547 20.274117 -96.071967
S PLAYING 0 -4.843750 60.234375 -90.468750 -4.867509 43.496350 -110.541229 -1.675603 37.372132 -103.961106 -1.594050 55.722726 -131.186932 5.326776 18.073338 -98.993650 5.511704 20.151947 -95.913769
S PLAYING 0 -4.920281 60.119579 -90.239158 -4.924032 43.470280 -110.499167 -1.702975 37.403290 -103.909487 -1.593399 55.380051 -131.102264 5.403970 17.850443 -98.830791 5.573255 20.060361 -95.794974
S PLAYING 0 -4.971301 60.043049 -90.086097 -4.961648 43.452919 -110.471122 -1.721166 37.424009 -103.875063 -1.592929 55.151198 -131.045123 5.455511 17.701890 -98.721943 5.614257 19.999323 -95.715708
S PLAYING 0 -4.996811 60.004783 -90.009566 -4.980436 43.444245 -110.457098 -1.730245 37.434353 -103.857848 -1.592684 55.036653 -131.016345 5.481304 17.627627 -98.667435 5.634748 19.968811 -95.676054
S PLAYING 0 -5.002611 60.010518 -90.020436 -4.976034 43.438748 -110.454564 -1.725345 37.433795 -103.856544 -1.585513 55.009930 -131.001736 5.487692 17.623240 -98.662872 5.640870 19.969850 -95.675976
S PLAYING 0 -5.023266 60.094522 -90.183905 -4.922029 43.403423 -110.448271 -1.677062 37.418956 -103.863286 -1.528418 54.910844 -130.913729 5.512990 17.662402 -98.680909 5.669361 20.008668 -95.715004
S PLAYING 0 -5.063338 60.261753 -90.510725 -4.813961 43.332640 -110.435453 -1.580435 37.389083 -103.876555 -1.414351 54.713257 -130.737752 5.563557 17.740734 -98.716988 5.726374 20.086240 -95.793003
S PLAYING 0 -5.120343 60.510654 -91.000647 -4.651718 43.226137 -110.415650 -1.435345 37.343788 -103.895917 -1.243556 54.418322 -130.473878 5.639340 17.858251 -98.771121 5.811970 20.202441 -95.909862
S PLAYING 0 -5.190557 60.838864 -91.653265 -4.435131 43.083525 -110.388171 -1.241613 37.282490 -103.920721 -1.016402 54.027736 -130.122207 5.740255 18.014974 -98.843327 5.926240 20.357081 -96.065409
S PLAYING 0 -5.269005 61.243199 -92.467975 -4.163978 42.904295 -110.352095 -0.999000 37.204413 -103.950099 -0.733377 53.543703 -129.682855 5.866197 18.210932 -98.933627 6.069309 20.549905 -96.259420
S PLAYING 0 -5.349458 61.719619 -93.443924 -3.837983 42.687821 -110.306277 -0.707211 37.108595 -103.982960 -0.395093 52.968882 -129.155947 6.017033 18.446159 -99.042052 6.241330 20.780594 -96.491610
S PLAYING 0 -5.424427 62.263194 -94.579947 -3.456821 42.433378 -110.249347 -0.365896 36.993883 -104.017992 -0.002284 52.306331 -128.541595 6.192608 18.720694 -99.168635 6.442494 21.048760 -96.761639
S PLAYING 0 -5.485162 62.868069 -95.874492 -3.020119 42.140144 -110.179713 0.025354 36.858943 -104.053659 0.444198 51.559437 -127.839887 6.392746 19.034580 -99.313415 6.673022 21.353949 -97.069108
S PLAYING 0 -5.521641 63.527424 -97.325535 -2.527460 41.807218 -110.095566 0.466996 36.702258 -104.088197 0.943380 50.731853 -127.050866 6.617252 19.387863 -99.476435 6.933173 21.695632 -97.413560
S PLAYING 0 -5.522572 64.233448 -98.930490 -1.978389 41.433635 -109.994886 0.959541 36.522137 -104.119614 1.494172 49.827419 -126.174508 6.865914 19.780593 -99.657742 7.223242 22.073210 -97.794477
S PLAYING 0 -5.475397 64.977314 -100.686108 -1.372415 41.018385 -109.875441 1.503544 36.316721 -104.145684 2.095367 48.850086 -125.210705 7.138505 20.212816 -99.857388 7.543561 22.486007 -98.211281
S PLAYING 0 -5.366293 65.749160 -102.588375 -0.709016 40.560424 -109.734800 2.099607 36.083988 -104.163947 2.745646 47.803844 -124.159237 7.434788 20.684581 -100.075426 7.894504 22.933264 -98.663333
S PLAYING 0 -5.180188 66.538101 -104.632402 0.012348 40.058706 -109.570337 2.748369 35.821765 -104.171706 3.443584 46.692646 -123.019754 7.754516 21.195932 -100.311915 8.276486 23.414141 -99.149930
S PLAYING 0 -4.900776 67.332240 -106.812321 0.792233 39.512194 -109.379239 3.450507 35.527737 -104.166022 4.187646 45.520338 -121.791749 8.097435 21.746910 -100.566913 8.689966 23.927707 -99.670301
S PLAYING 0 -4.510554 68.118722 -109.121178 1.631200 38.919892 -109.158515 4.206725 35.199458 -104.143715 4.976202 44.290592 -120.474531 8.463292 22.337550 -100.840483 9.135449 24.472940 -100.223608
S PLAYING 0 -3.990852 68.883793 -111.550828 2.529804 38.280861 -108.905006 5.017752 34.834372 -104.101363 5.807527 43.006840 -119.067199 8.851832 22.967878 -101.132687 9.613488 25.048713 -100.808944
S PLAYING 0 -3.321896 69.612900 -114.091847 3.488582 37.594251 -108.615395 5.884334 34.429820 -104.035295 6.679809 41.672219 -117.568613 9.262804 23.637912 -101.443591 10.124688 25.653796 -101.425324
S PLAYING 0 -2.495439 70.282059 -116.697107 4.493852 36.869579 -108.290950 6.794368 33.989399 -103.943066 7.578588 40.308513 -115.999495 9.689963 24.337796 -101.768677 10.662109 26.278103 -102.062752
S PLAYING 0 -1.581831 70.835007 -119.143328 5.460441 36.168687 -107.959303 7.670821 33.550616 -103.832397 8.428025 39.028673 -114.491679 10.097300 25.008337 -102.080462 11.180395 26.868744 -102.667305
S PLAYING 0 -0.613402 71.277315 -121.399292 6.373363 35.503429 -107.628663 8.499951 33.122737 -103.708216 9.217442 37.845680 -113.067422 10.479165 25.639598 -102.374283 11.671434 27.418010 -103.230933
S PLAYING 0 0.389579 71.623756 -123.471365 7.231866 34.875242 -107.302554 9.280887 32.708701 -103.574121 9.948759 36.754113 -111.727103 10.835894 26.231515 -102.650064 12.134679 27.927005 -103.754563
S PLAYING 0 1.408214 71.888122 -125.366233 8.035294 34.285332 -106.984228 10.012840 32.311194 -103.433499 10.623750 35.749419 -110.471247 11.167784 26.784039 -102.907736 12.569604 28.396793 -104.239079
S PLAYING 0 2.424989 72.083167 -127.090732 8.783081 33.734708 -106.676678 10.695100 31.932665 -103.289529 11.244048 34.827772 -109.300492 11.475090 27.297133 -103.147237 12.975703 28.828392 -104.685316
S PLAYING 0 3.423766 72.220594 -128.651694 9.474741 33.224205 -106.382646 11.327034 31.575334 -103.145170 11.811146 33.985972 -108.215562 11.758040 27.770772 -103.368511 13.352501 29.222776 -105.094062
S PLAYING 0 4.389775 72.311049 -130.055817 10.109863 32.754512 -106.104628 11.908077 31.241201 -103.003161 12.326402 33.221346 -107.217236 12.016828 28.204939 -103.571508 13.699548 29.580861 -105.466054
S PLAYING 0 5.309592 72.364136 -131.309558 10.688098 32.326194 -105.844888 12.437731 30.932060 -102.866020 12.791046 32.531674 -106.306325 12.251624 28.599625 -103.756183 14.016427 29.903507 -105.801976
S PLAYING 0 6.171122 72.388448 -132.419037 11.209160 31.939710 -105.605460 12.915560 30.649507 -102.736039 13.206179 31.915119 -105.483644 12.462575 28.954825 -103.922498 14.302752 30.191513 -106.102458
S PLAYING 0 6.963577 72.391592 -133.389957 11.672810 31.595433 -105.388157 13.341183 30.394950 -102.615283 13.572782 31.370176 -104.749997 12.649804 29.270539 -104.070416 14.558171 30.445607 -106.368073
S PLAYING 0 7.677442 72.380225 -134.227536 12.078856 31.293660 -105.194577 13.714274 30.169616 -102.505592 13.891715 30.895613 -104.106153 12.813418 29.546770 -104.199909 14.782368 30.666452 -106.599336
S PLAYING 0 8.304460 72.360086 -134.936453 12.427141 31.034627 -105.026106 14.034555 29.974563 -102.408577 14.163725 30.490441 -103.552826 12.953505 29.783524 -104.310950 14.975064 30.854634 -106.796703
S PLAYING 0 8.837601 72.336030 -135.520800 12.717543 30.818520 -104.883926 14.301795 29.810684 -102.325618 14.389444 30.153873 -103.090663 13.070139 29.980805 -104.403517 15.136017 31.010660 -106.960568
S PLAYING 0 9.271046 72.312056 -135.984042 12.949967 30.645480 -104.769016 14.515806 29.678713 -102.257868 14.569397 29.885293 -102.720224 13.163378 30.138622 -104.477592 15.265024 31.134960 -107.091259
S PLAYING 0 9.600160 72.291332 -136.328985 13.124343 30.515614 -104.682154 14.676441 29.579231 -102.206248 14.704000 29.684240 -102.441974 13.233268 30.256978 -104.533161 15.361923 31.227880 -107.189044
S PLAYING 0 9.821486 72.276215 -136.557757 13.240621 30.428997 -104.623924 14.783590 29.512671 -102.171451 14.793564 29.550382 -102.256271 13.279844 30.335880 -104.570212 15.426591 31.289681 -107.254122
S PLAYING 0 9.932722 72.268267 -136.671785 13.298767 30.385676 -104.594712 14.837183 29.479320 -102.153937 14.838294 29.483505 -102.163359 13.303126 30.375330 -104.588740 15.458946 31.320537 -107.286628
S PLAYING 0 9.703997 71.091025 -136.014355 12.991853 30.395026 -104.631930 14.501843 29.523418 -102.278821 14.501843 29.523418 -102.278821 12.991853 30.395026 -104.631930 15.092684 31.326149 -107.295897
S PLAYING 0 9.219504 68.776863 -134.664529 12.362934 30.423455 -104.710738 13.815885 29.617822 -102.528259 13.815885 29.617822 -102.528259 12.362934 30.423455 -104.710738 14.352003 31.328038 -107.301495
S PLAYING 0 8.736107 66.511811 -133.305835 11.733301 30.450422 -104.785623 13.127450 29.709398 -102.771401 13.127450 29.709398 -102.771401 11.733301 30.450422 -104.785623 13.611291 31.327760 -107.300670
S PLAYING 0 8.253815 64.293584 -131.938013 11.102987 30.475932 -104.856584 12.436575 29.798173 -103.008242 12.436575 29.798173 -103.008242 11.102987 30.475932 -104.856584 12.870630 31.325314 -107.293421
S PLAYING 0 7.772638 62.119946 -130.560784 10.472026 30.499992 -104.923618 11.743299 29.884176 -103.238778 11.743299 29.884176 -103.238778 10.472026 30.499992 -104.923618 12.130100 31.320700 -107.279750
S PLAYING 0 7.292584 59.988710 -129.173846 9.840455 30.522607 -104.986721 11.047663 29.967433 -103.463003 11.047663 29.967433 -103.463003 9.840455 30.522607 -104.986721 11.389780 31.313915 -107.259657
S PLAYING 0 6.813662 57.897744 -127.776878 9.208308 30.543782 -105.045893 10.349711 30.047970 -103.680914 10.349711 30.047970 -103.680914 9.208308 30.543782 -105.045893 10.649750 31.304956 -107.233142
S PLAYING 0 6.335878 55.844971 -126.369538 8.575620 30.563522 -105.101129 9.649487 30.125814 -103.892505 9.649487 30.125814 -103.892505 8.575620 30.563522 -105.101129 9.910090 31.293818 -107.200206
S PLAYING 0 5.859240 53.828367 -124.951459 7.942429 30.581832 -105.152429 8.947037 30.200991 -104.097771 8.947037 30.200991 -104.097771 7.942429 30.581832 -105.152429 9.170879 31.280496 -107.160851
S PLAYING 0 5.383754 51.845964 -123.522254 7.308769 30.598717 -105.199790 8.242409 30.273527 -104.296708 8.242409 30.273527 -104.296708 7.308769 30.598717 -105.199790 8.432196 31.264983 -107.115077
S PLAYING 0 4.909425 49.895846 -122.081509 6.674677 30.614180 -105.243211 7.535653 30.343447 -104.489310 7.535653 30.343447 -104.489310 6.674677 30.614180 -105.243211 7.694119 31.247270 -107.062886
S PLAYING 0 4.436261 47.976149 -120.628785 6.040191 30.628225 -105.282690 6.826820 30.410776 -104.675573 6.826820 30.410776 -104.675573 6.040191 30.628225 -105.282690 6.956726 31.227350 -107.004280
S PLAYING 0 3.964264 46.085057 -119.163616 5.405346 30.640856 -105.318225 6.115962 30.475540 -104.855493 6.115962 30.475540 -104.855493 5.405346 30.640856 -105.318225 6.220094 31.205213 -106.939261
S PLAYING 0 3.493441 44.220799 -117.685506 4.770181 30.652076 -105.349816 5.403133 30.537762 -105.029063 5.403133 30.537762 -105.029063 4.770181 30.652076 -105.349816 5.484299 31.180847 -106.867831
S PLAYING 0 3.023795 42.381650 -116.193930 4.134732 30.661887 -105.377460 4.688390 30.597466 -105.196280 4.688390 30.597466 -105.196280 4.134732 30.661887 -105.377460 4.749416 31.154240 -106.789992
S PLAYING 0 2.555330 40.565921 -114.688326 3.499036 30.670292 -105.401157 3.971790 30.654676 -105.357139 3.971790 30.654676 -105.357139 3.499036 30.670292 -105.401157 4.015521 31.125381 -106.705747
S PLAYING 0 2.088048 38.771963 -113.168099 2.863133 30.677293 -105.420906 3.253392 30.709413 -105.511636 3.253392 30.709413 -105.511636 2.863133 30.677293 -105.420906 3.282688 31.094255 -106.615098
S PLAYING 0 1.621954 36.998154 -111.632612 2.227059 30.682891 -105.436706 2.533256 30.761701 -105.659765 2.533256 30.761701 -105.659765 2.227059 30.682891 -105.436706 2.550989 31.060847 -106.518048
S PLAYING 0 1.157049 35.242904 -110.081187 1.590851 30.687089 -105.448556 1.811444 30.811560 -105.801523 1.811444 30.811560 -105.801523 1.590851 30.687089 -105.448556 1.820495 31.025142 -106.414601
S PLAYING 0 0.693335 33.504644 -108.513101 0.954549 30.689887 -105.456457 1.088020 30.859012 -105.936906 1.088020 30.859012 -105.936906 0.954549 30.689887 -105.456457 1.091279 30.987124 -106.304760
S PLAYING 0 0.230813 31.781824 -106.927576 0.318190 30.691286 -105.460407 0.363047 30.904078 -106.065908 0.363047 30.904078 -106.065908 0.318190 30.691286 -105.460407 0.363409 30.946775 -106.188528
S EXIT 0 -0.000000 30.925721 -106.128016 -0.000000 30.691461 -105.460901 -0.000000 30.925721 -106.128016 -0.000000 30.925721 -106.128016 -0.000000 30.691461 -105.460901 -0.000000 30.925721 -106.128016
S EXIT 0 -0.000000 30.925721 -106.128016 -0.000000 30.691461 -105.460901 -0.000000 30.925721 -106.128016 -0.000000 30.925721 -106.128016 -0.000000 30.691461 -105.460901 -0.000000 30.925721 -106.128016
S EXIT 0 -0.000000 30.925721 -106.128016 -0.000000 30.691461 -105.460901 -0.000000 30.925721 -106.128016 -0.000000 30.925721 -106.128016 -0.000000 30.691461 -105.460901 -0.000000 30.925721 -106.128016
S EXIT 0 -0.000000 30.925721 -106.128016 -0.000000 30.691461 -105.460901 -0.000000 30.925721 -106.128016 -0.000000 30.925721 -106.128016 -0.000000 30.691461 -105.460901 -0.000000 30.925721 -106.128016
S EXIT 0 -0.000000 30.925721 -106.128016 -0.000000 30.691461 -105.460901 -0.000000 30.925721 -106.128016 -0.000000 30.925721 -106.128016 -0.000000 30.691461 -105.460901 -0.000000 30.925721 -106.128016
S EXIT 0 -0.000000 30.925721 -106.128016 -0.000000 30.691461 -105.460901 -0.000000 30.925721 -106.128016 -0.000000 30.925721 -106.128016 -0.000000 30.691461 -105.460901 -0.000000 30.925721 -106.128016
S EXIT 0 -0.000000 30.925721 -106.128016 -0.000000 30.691461 -105.460901 -0.000000 30.925721 -106.128016 -0.000000 30.925721 -106.128016 -0.000000 30.691461 -105.460901 -0.000000 30.925721 -106.128016
S EXIT 0 -0.000000 30.925721 -106.128016 -0.000000 30.691461 -105.460901 -0.000000 30.925721 -106.128016 -0.000000 30.925721 -106.128016 -0.000000 30.691461 -105.460901 -0.000000 30.925721 -106.128016
S EXIT 0 -0.000000 30.925721 -106.128016 -0.000000 30.691461 -105.460901 -0.000000 30.925721 -106.128016 -0.000000 30.925721 -106.128016 -0.000000 30.691461 -105.460901 -0.000000 30.925721 -106.128016
S EXIT 0 -0.000000 30.925721 -106.128016 -0.000000 30.691461 -105.460901 -0.000000 30.925721 -106.128016 -0.000000 30.925721 -106.128016 -0.000000 30.691461 -105.460901 -0.000000 30.925721 -106.128016
S EXIT 0 -0.000000 30.925721 -106.128016 -0.000000 30.691461 -105.460901 -0.000000 30.925721 -106.128016 -0.000000 30.925721 -106.128016 -0.000000 30.691461 -105.460901 -0.000000 30.925721 -106.128016
S EXIT 0 -0.000000 30.925721 -106.128016 -0.000000 30.691461 -105.460901 -0.000000 30.925721 -106.128016 -0.000000 30.925721 -106.128016 -0.000000 30.691461 -105.460901 -0.000000 30.925721 -106.128016
S EXIT 0 -0.000000 30.925721 -106.128016 -0.000000 30.691461 -105.460901 -0.000000 30.925721 -106.128016 -0.000000 30.925721 -106.128016 -0.000000 30.691461 -105.460901 -0.000000 30.925721 -106.128016
S EXIT 0 -0.000000 30.925721 -106.128016 -0.000000 30.691461 -105.460901 -0.000000 30.925721 -106.128016 -0.000000 30.925721 -106.128016 -0.000000 30.691461 -105.460901 -0.000000 30.925721 -106.128016
S EXIT 0 -0.000000 30.925721 -106.128016 -0.000000 30.691461 -105.460901 -0.000000 30.925721 -106.128016 -0.000000 30.925721 -106.128016 -0.000000 30.691461 -105.460901 -0.000000 30.925721 -106.128016
S EXIT 0 -0.000000 30.925721 -106.128016 -0.000000 30.691461 -105.460901 -0.000000 30.925721 -106.128016 -0.000000 30.925721 -106.128016 -0.000000 30.691461 -105.460901 -0.000000 30.925721 -106.128016
S EXIT 0 -0.000000 30.925721 -106.128016 -0.000000 30.691461 -105.460901 -0.000000 30.925721 -106.128016 -0.000000 30.925721 -106.128016 -0.000000 30.691461 -105.460901 -0.000000 30.925721 -106.128016
S EXIT 0 -0.000000 30.925721 -106.128016 -0.000000 30.691461 -105.460901 -0.000000 30.925721 -106.128016 -0.000000 30.925721 -106.128016 -0.000000 30.691461 -105.460901 -0.000000 30.925721 -106.128016
S EXIT 0 -0.000000 30.925721 -106.128016 -0.000000 30.691461 -105.460901 -0.000000 30.925721 -106.128016 -0.000000 30.925721 -106.128016 -0.000000 30.691461 -105.460901 -0.000000 30.925721 -106.128016
S EXIT 0 -0.000000 30.925721 -106.128016 -0.000000 30.691461 -105.460901 -0.000000 30.925721 -106.128016 -0.000000 30.925721 -106.128016 -0.000000 30.691461 -105.460901 -0.000000 30.925721 -106.128016
S EXIT 0 -0.000000 30.925721 -106.128016 -0.000000 30.691461 -105.460901 -0.000000 30.925721 -106.128016 -0.000000 30.925721 -106.128016 -0.000000 30.691461 -105.460901 -0.000000 30.925721 -106.128016
S EXIT 0 -0.000000 30.925721 -106.128016 -0.000000 30.691461 -105.460901 -0.000000 30.925721 -106.128016 -0.000000 30.925721 -106.128016 -0.000000 30.691461 -105.460901 -0.000000 30.925721 -106.128016
S EXIT 0 -0.000000 30.925721 -106.128016 -0.000000 30.691461 -105.460901 -0.000000 30.925721 -106.128016 -0.000000 30.925721 -106.128016 -0.000000 30.691461 -105.460901 -0.000000 30.925721 -106.128016
S EXIT 0 -0.000000 30.925721 -106.128016 -0.000000 30.691461 -105.460901 -0.000000 30.925721 -106.128016 -0.000000 30.925721 -106.128016 -0.000000 30.691461 -105.460901 -0.000000 30.925721 -106.128016
S EXIT 0 -0.000000 30.925721 -106.128016 -0.000000 30.691461 -105.460901 -0.000000 30.925721 -106.128016 -0.000000 30.925721 -106.128016 -0.000000 30.691461 -105.460901 -0.000000 30.925721 -106.128016
S EXIT 0 -0.000000 30.925721 -106.128016 -0.000000 30.691461 -105.460901 -0.000000 30.925721 -106.128016 -0.000000 30.925721 -106.128016 -0.000000 30.691461 -105.460901 -0.000000 30.925721 -106.128016
S EXIT 0 -0.000000 30.925721 -106.128016 -0.000000 30.691461 -105.460901 -0.000000 30.925721 -106.128016 -0.000000 30.925721 -106.128016 -0.000000 30.691461 -105.460901 -0.000000 30.925721 -106.128016
S EXIT 0 -0.000000 30.925721 -106.128016 -0.000000 30.691461 -105.460901 -0.000000 30.925721 -106.128016 -0.000000 30.925721 -106.128016 -0.000000 30.691461 -105.460901 -0.000000 30.925721 -106.128016
S EXIT 0 -0.000000 30.925721 -106.128016 -0.000000 30.691461 -105.460901 -0.000000 30.925721 -106.128016 -0.000000 30.925721 -106.128016 -0.000000 30.691461 -105.460901 -0.000000 30.925721 -106.128016
S EXIT 0 -0.000000 30.925721 -106.128016 -0.000000 30.691461 -105.460901 -0.000000 30.925721 -106.128016 -0.000000 30.925721 -106.128016 -0.000000 30.691461 -105.460901 -0.000000 30.925721 -106.128016
S EXIT 0 -0.000000 30.925721 -106.128016 -0.000000 30.691461 -105.460901 -0.000000 30.925721 -106.128016 -0.000000 30.925721 -106.128016 -0.000000 30.691461 -105.460901 -0.000000 30.925721 -106.128016
S EXIT 0 -0.000000 30.925721 -106.128016 -0.000000 30.691461 -105.460901 -0.000000 30.925721 -106.128016 -0.000000 30.925721 -106.128016 -0.000000 30.691461 -105.460901 -0.000000 30.925721 -106.128016
S IDLE 0 -0.000000 30.925721 -106.128016 -0.000000 30.691461 -105.460901 -0.000000 30.925721 -106.128016 -0.000000 30.925721 -106.128016 -0.000000 30.691461 -105.460901 -0.000000 30.925721 -106.128016
S IDLE 0 -0.000000 30.925721 -106.128016 -0.000000 30.691461 -105.460901 -0.000000 30.925721 -106.128016 -0.000000 30.925721 -106.128016 -0.000000 30.691461 -105.460901 -0.000000 30.925721 -106.128016
S IDLE 0 -0.000000 30.925721 -106.128016 -0.000000 30.691461 -105.460901 -0.000000 30.925721 -106.128016 -0.000000 30.925721 -106.128016 -0.000000 30.691461 -105.460901 -0.000000 30.925721 -106.128016
S IDLE 0 -0.000000 30.925721 -106.128016 -0.000000 30.691461 -105.460901 -0.000000 30.925721 -106.128016 -0.000000 30.925721 -106.128016 -0.000000 30.691461 -105.460901 -0.000000 30.925721 -106.128016
S IDLE 0 -0.000000 30.925721 -106.128016 -0.000000 30.691461 -105.460901 -0.000000 30.925721 -106.128016 -0.000000 30.925721 -106.128016 -0.000000 30.691461 -105.460901 -0.000000 30.925721 -106.128016
S IDLE 0 -0.000000 30.925721 -106.128016 -0.000000 30.691461 -105.460901 -0.000000 30.925721 -106.128016 -0.000000 30.925721 -106.128016 -0.000000 30.691461 -105.460901 -0.000000 30.925721 -106.128016
S IDLE 0 -0.000000 30.925721 -106.128016 -0.000000 30.691461 -105.460901 -0.000000 30.925721 -106.128016 -0.000000 30.925721 -106.128016 -0.000000 30.691461 -105.460901 -0.000000 30.925721 -106.128016
S IDLE 0 -0.000000 30.925721 -106.128016 -0.000000 30.691461 -105.460901 -0.000000 30.925721 -106.128016 -0.000000 30.925721 -106.128016 -0.000000 30.691461 -105.460901 -0.000000 30.925721 -106.128016
P 1 fx_mixed_legs - 0.02 0.050000 -0.030000 0.000000 8.000000 -6.000000 12.000000 15.000000 0.000000 0.000000 0.000000 0.000000 0.000000 0.000000 -10.000000 5.000000 0.000000 0.000000 0.000000 0.000000 0.000000 0.000000 -5.000000 5.000000 0.000000
V 45 stop
S ENTRY 0 -8.995842 52.070337 -107.800675 -1.405819 44.545093 -108.017539 -1.064522 39.305935 -101.445461 -2.941909 51.890436 -124.520516 1.394493 41.159409 -118.473739 0.928892 34.851401 -112.071064
S ENTRY 0 -8.774650 56.300072 -109.945921 -1.380882 44.327968 -108.009524 -1.092286 40.993145 -102.616456 -2.885268 51.484197 -124.205111 1.369935 40.966146 -118.246061 0.922999 36.240524 -112.894279
S ENTRY 0 -8.367302 60.136173 -111.792350 -1.339333 43.963645 -107.993156 -1.102434 42.543279 -103.812345 -2.791275 50.810912 -123.678984 1.329006 40.644950 -117.866575 0.905809 37.516448 -113.592242
S ENTRY 0 -7.769269 63.461962 -113.328743 -1.281191 43.448502 -107.963926 -1.092581 43.912620 -105.017105 -2.660534 49.876055 -122.941407 1.271706 40.197141 -117.335227 0.876687 38.638187 -114.145000
S ENTRY 0 -6.976644 66.174374 -114.556510 -1.206484 42.777572 -107.915540 -1.060803 45.057248 -106.214581 -2.493884 48.686914 -121.991261 1.198034 39.624470 -116.651888 0.835056 39.568644 -114.535738
S ENTRY 0 -5.986576 68.184323 -115.482023 -1.115245 41.944650 -107.839934 -1.005759 45.932816 -107.387033 -2.292381 47.252240 -120.826931 1.107986 38.929033 -115.816312 0.780412 40.275998 -114.750816
S ENTRY 0 -4.797664 69.414499 -116.107476 -1.007513 40.942434 -107.727301 -0.926797 46.494344 -108.513611 -2.057288 45.581834 -119.446186 1.001554 38.113167 -114.828074 0.712356 40.734896 -114.779698
S ENTRY 0 -3.410268 69.796089 -116.421798 -0.883333 39.762711 -107.566136 -0.824036 46.696201 -109.569008 -1.790059 43.686079 -117.846018 0.878725 37.179326 -113.686499 0.630591 40.927371 -114.614801
S ENTRY 0 -1.826734 69.266644 -116.393256 -0.742754 38.396573 -107.343283 -0.698418 46.492550 -110.522466 -1.492319 41.575453 -116.022454 0.739477 36.129954 -112.390579 0.534934 40.843453 -114.251341
S ENTRY 0 -0.156545 67.852642 -115.991698 -0.595114 36.928166 -107.063197 -0.560379 45.874516 -111.288241 -1.184991 39.395915 -114.092276 0.592999 35.035906 -111.024942 0.431833 40.498945 -113.718167
S ENTRY 0 1.338439 65.749488 -115.253594 -0.463105 35.587275 -106.772996 -0.433540 44.915281 -111.727214 -0.914780 37.476431 -112.352344 0.461820 34.063923 -109.799431 0.337730 39.940665 -113.089392
S ENTRY 0 2.643760 63.013234 -114.188382 -0.347705 34.394386 -106.488692 -0.321232 43.639361 -111.838657 -0.682048 35.819081 -110.819591 0.346978 33.218530 -108.724324 0.254215 39.179754 -112.368516
S ENTRY 0 3.758758 59.705671 -112.796463 -0.248866 33.357955 -106.222594 -0.225226 42.080978 -111.634675 -0.485264 34.413640 -109.497572 0.248493 32.497334 -107.800495 0.181983 38.232207 -111.559660
S ENTRY 0 4.684149 55.904054 -111.077360 -0.166552 32.484791 -105.985141 -0.146581 40.286390 -111.134987 -0.323152 33.252329 -108.389734 0.166384 31.898542 -107.028866 0.121542 37.120312 -110.671198
S ENTRY 0 5.421394 51.701771 -109.036633 -0.100732 31.780260 -105.784954 -0.085610 38.311762 -110.367102 -0.194673 32.329336 -107.499234 0.100671 31.420840 -106.410322 0.073209 35.871905 -109.715848
S ENTRY 0 5.972206 47.207230 -106.692259 -0.051386 31.248457 -105.628875 -0.041896 36.220395 -109.365969 -0.099014 31.640431 -106.828798 0.051370 31.063288 -105.945653 0.037125 34.519453 -108.710654
S ENTRY 0 6.338211 42.540841 -104.079549 -0.018497 30.892332 -105.522005 -0.014382 34.079684 -108.173131 -0.035571 31.182684 -106.380585 0.018495 30.825248 -105.635499 0.013263 33.099027 -107.676822
S ENTRY 0 6.520745 37.830731 -101.254092 -0.002055 30.713799 -105.467725 -0.001516 31.958177 -106.835457 -0.003948 30.954254 -106.156096 0.002055 30.706322 -105.480306 0.001460 31.649200 -106.639371
S PLAYING 0 6.543526 35.500317 -99.784758 -0.000000 30.691461 -105.460901 -0.000000 30.925721 -106.128016 -0.000000 30.925721 -106.128016 -0.000000 30.691461 -105.460901 -0.000000 30.925721 -106.128016
S PLAYING 0 6.543614 35.598019 -99.836011 0.004897 30.714125 -105.476881 0.003489 30.927291 -106.133182 -0.003486 31.007701 -106.181622 -0.004897 30.714125 -105.476881 -0.003489 30.927291 -106.133182
S PLAYING 0 6.543831 35.890393 -99.989274 0.019587 30.782132 -105.524800 0.013967 30.932009 -106.148690 -0.013911 31.253709 -106.342149 -0.019587 30.782132 -105.524800 -0.013967 30.932009 -106.148690
S PLAYING 0 6.544038 36.375239 -100.243056 0.044070 30.895521 -105.604592 0.031460 30.939902 -106.174578 -0.031181 31.663958 -106.608734 -0.044070 30.895521 -105.604592 -0.031460 30.939902 -106.174578
S PLAYING 0 6.544005 37.048893 -100.594887 0.078347 31.054359 -105.716150 0.056017 30.951017 -106.210908 -0.055135 32.238801 -106.979939 -0.078347 31.054359 -105.716150 -0.056017 30.951017 -106.210908
S PLAYING 0 6.543411 37.906229 -101.041348 0.122416 31.258740 -105.859322 0.087704 30.965417 -106.257768 -0.085551 32.978741 -107.453749 -0.122416 31.258740 -105.859322 -0.087704 30.965417 -106.257768
S PLAYING 0 6.541848 38.940666 -101.578097 0.176279 31.508784 -106.033913 0.126606 30.983185 -106.315267 -0.122145 33.884426 -108.027578 -0.176279 31.508784 -106.033913 -0.126606 30.983185 -106.315267
S PLAYING 0 6.538823 40.144169 -102.199914 0.239933 31.804638 -106.239684 0.172828 31.004421 -106.383542 -0.164570 34.956656 -108.698259 -0.239933 31.804638 -106.239684 -0.172828 31.004421 -106.383542
S PLAYING 0 6.533761 41.507262 -102.900757 0.313379 32.146479 -106.476352 0.226495 31.029244 -106.462753 -0.212420 36.196372 -109.462045 -0.313379 32.146479 -106.476352 -0.226495 31.029244 -106.462753
S PLAYING 0 6.526012 43.019034 -103.673822 0.396615 32.534509 -106.743587 0.287752 31.057793 -106.553082 -0.265229 37.604651 -110.314591 -0.396615 32.534509 -106.743587 -0.287752 31.057793 -106.553082
S PLAYING 0 6.514853 44.667150 -104.511614 0.489638 32.968958 -107.041014 0.356763 31.090224 -106.654737 -0.322474 39.182677 -111.250941 -0.489638 32.968958 -107.041014 -0.356763 31.090224 -106.654737
S PLAYING 0 6.499494 46.437872 -105.406032 0.592446 33.450086 -107.368213 0.433714 31.126712 -106.767949 -0.383575 40.931705 -112.265495 -0.592446 33.450086 -107.368213 -0.433714 31.126712 -106.767949
S PLAYING 0 6.479084 48.316071 -106.348459 0.705035 33.978179 -107.724715 0.518813 31.167454 -106.892969 -0.447895 42.852997 -113.351970 -0.705035 33.978179 -107.724715 -0.518813 31.167454 -106.892969
S PLAYING 0 6.452718 50.285254 -107.329867 0.827399 34.553551 -108.110000 0.612290 31.212662 -107.030073 -0.514747 44.947734 -114.503345 -0.827399 34.553551 -108.110000 -0.612290 31.212662 -107.030073
S PLAYING 0 6.419443 52.327597 -108.340928 0.959533 35.176544 -108.523502 0.714395 31.262571 -107.179557 -0.583387 47.216887 -115.711792 -0.959533 35.176544 -108.523502 -0.714395 31.262571 -107.179557
S PLAYING 0 6.378267 54.423979 -109.372143 1.101426 35.847525 -108.964597 0.825404 31.317435 -107.341741 -0.653023 49.661038 -116.968583 -1.101426 35.847525 -108.964597 -0.825404 31.317435 -107.341741
S PLAYING 0 6.328164 56.554033 -110.413977 1.253070 36.566889 -109.432611 0.945615 31.377529 -107.516961 -0.722812 52.280150 -118.263979 -1.253070 36.566889 -109.432611 -0.945615 31.377529 -107.516961
S PLAYING 0 6.268087 58.696205 -111.457013 1.414450 37.335052 -109.926810 1.075354 31.443146 -107.705576 -0.791861 55.073252 -119.587100 -1.414450 37.335052 -109.926810 -1.075354 31.443146 -107.705576
S PLAYING 0 6.196971 60.827835 -112.492118 1.585553 38.152456 -110.446402 1.214969 31.514603 -107.907963 -0.859229 58.038049 -120.925766 -1.585553 38.152456 -110.446402 -1.214969 31.514603 -107.907963
S PLAYING 0 6.113746 62.925248 -113.510620 1.766359 39.019559 -110.990530 1.364838 31.592238 -108.124518 -0.923927 61.170430 -122.266325 -1.766359 39.019559 -110.990530 -1.364838 31.592238 -108.124518
S PLAYING 0 6.017347 64.963878 -114.504511 1.956847 39.936837 -111.558270 1.525364 31.676411 -108.355654 -0.984918 64.463868 -123.593462 -1.956847 39.936837 -111.558270 -1.525364 31.676411 -108.355654
S PLAYING 0 5.906720 66.918410 -115.466655 2.156992 40.904777 -112.148627 1.696982 31.767504 -108.601800 -1.041114 67.908728 -124.890004 -2.156992 40.904777 -112.148627 -1.696982 31.767504 -108.601800
S PLAYING 0 5.780835 68.762957 -116.391030 2.366764 41.923873 -112.760528 1.880155 31.865925 -108.863401 -1.091380 71.491479 -126.136737 -2.366764 41.923873 -112.760528 -1.880155 31.865925 -108.863401
S PLAYING 0 5.638696 70.471277 -117.272971 2.586131 42.994618 -113.392818 2.075380 31.972106 -109.140916 -1.134531 75.193867 -127.312259 -2.586131 42.994618 -113.392818 -2.075380 31.972106 -109.140916
S PLAYING 0 5.479352 72.017027 -118.109445 2.815052 44.117496 -114.044253 2.283187 32.086502 -109.434818 -1.169326 78.992122 -128.392908 -2.815052 44.117496 -114.044253 -2.283187 32.086502 -109.434818
S PLAYING 0 5.301905 73.374059 -118.899344 3.053485 45.292975 -114.713492 2.504140 32.209598 -109.745592 -1.194469 82.856299 -129.352802 -3.053485 45.292975 -114.713492 -2.504140 32.209598 -109.745592
S PLAYING 0 5.105527 74.516771 -119.643786 3.301379 46.521489 -115.399089 2.738842 32.341907 -110.073734 -1.208608 86.749928 -130.164050 -3.301379 46.521489 -115.399089 -2.738842 32.341907 -110.073734
S EXIT 0 5.095236 74.428908 -119.616544 3.294760 46.488601 -115.380919 2.732508 32.338316 -110.064906 -1.208389 86.647822 -130.144924 -3.294760 46.488601 -115.380919 -2.732508 32.338316 -110.064906
S EXIT 0 5.064363 74.165319 -119.534816 3.274901 46.389960 -115.326361 2.713528 32.327562 -110.038440 -1.207682 86.340840 -130.086700 -3.274901 46.389960 -115.326361 -2.713528 32.327562 -110.038440
S EXIT 0 5.012909 73.726004 -119.398602 3.241799 46.225630 -115.235268 2.681963 32.309701 -109.994398 -1.206327 85.827015 -129.986841 -3.241799 46.225630 -115.235268 -2.681963 32.309701 -109.994398
S EXIT 0 4.940874 73.110963 -119.207904 3.195447 45.995717 -115.107399 2.637919 32.284824 -109.932882 -1.204064 85.103166 -129.841146 -3.195447 45.995717 -115.107399 -2.637919 32.284824 -109.932882
S EXIT 0 4.848257 72.320195 -118.962720 3.135837 45.700375 -114.942414 2.581541 32.253059 -109.854034 -1.200524 84.165051 -129.643783 -3.135837 45.700375 -114.942414 -2.581541 32.253059 -109.854034
S EXIT 0 4.735058 71.353702 -118.663050 3.062958 45.339802 -114.739884 2.513015 32.214573 -109.758038 -1.195235 83.007572 -129.387349 -3.062958 45.339802 -114.739884 -2.513015 32.214573 -109.758038
S EXIT 0 4.601277 70.211482 -118.308895 2.976797 44.914245 -114.499285 2.432567 32.169564 -109.645119 -1.187617 81.625052 -129.062944 -2.976797 44.914245 -114.499285 -2.432567 32.169564 -109.645119
S EXIT 0 4.446915 68.893537 -117.900255 2.877341 44.424000 -114.220007 2.340462 32.118269 -109.515548 -1.176987 80.011561 -128.660274 -2.877341 44.424000 -114.220007 -2.340462 32.118269 -109.515548
S EXIT 0 4.271971 67.399865 -117.437130 2.764574 43.869416 -113.901353 2.237003 32.060960 -109.369635 -1.162551 78.161295 -128.167776 -2.764574 43.869416 -113.901353 -2.237003 32.060960 -109.369635
S EXIT 0 4.076446 65.730467 -116.919519 2.638479 43.250898 -113.542546 2.122531 31.997940 -109.207737 -1.143409 76.068992 -127.572768 -2.638479 43.250898 -113.542546 -2.122531 31.997940 -109.207737
S EXIT 0 3.860339 63.885343 -116.347423 2.499040 42.568904 -113.142729 1.997420 31.929550 -109.030257 -1.118550 73.730367 -126.861623 -2.499040 42.568904 -113.142729 -1.997420 31.929550 -109.030257
S EXIT 0 3.623650 61.864493 -115.720842 2.346239 41.823953 -112.700969 1.862082 31.856162 -108.837642 -1.086851 71.142526 -126.019956 -2.346239 41.823953 -112.700969 -1.862082 31.856162 -108.837642
S EXIT 0 3.366380 59.667917 -115.039775 2.180061 41.016619 -112.216264 1.716959 31.778180 -108.630388 -1.047074 68.304338 -125.032816 -2.180061 41.016619 -112.216264 -1.716959 31.778180 -108.630388
S EXIT 0 3.088528 57.295615 -114.304223 2.000490 40.147539 -111.687542 1.562527 31.696042 -108.409040 -0.997859 65.216716 -123.884870 -2.000490 40.147539 -111.687542 -1.562527 31.696042 -108.409040
S EXIT 0 2.790095 54.747587 -113.514185 1.807513 39.217405 -111.113668 1.399288 31.610215 -108.174194 -0.937726 61.882771 -122.560558 -1.807513 39.217405 -111.113668 -1.399288 31.610215 -108.174194
S EXIT 0 2.472366 52.034816 -112.673068 1.601951 38.230954 -110.495960 1.228462 31.521554 -107.927489 -0.865372 58.322233 -121.050519 -1.601951 38.230954 -110.495960 -1.228462 31.521554 -107.927489
S EXIT 0 2.163642 49.398925 -111.855788 1.402120 37.276264 -109.889191 1.065375 31.438071 -107.691086 -0.786775 54.859688 -119.488055 -1.402120 37.276264 -109.889191 -1.065375 31.438071 -107.691086
S EXIT 0 1.875500 46.938760 -111.092993 1.215537 36.388621 -109.317101 0.915710 31.362514 -107.473410 -0.705983 51.631322 -117.948012 -1.215537 36.388621 -109.317101 -0.915710 31.362514 -107.473410
S EXIT 0 1.607939 44.654321 -110.384684 1.042226 35.567332 -108.780937 0.778917 31.294385 -107.273867 -0.624481 48.640442 -116.449429 -1.042226 35.567332 -108.780937 -0.778917 31.294385 -107.273867
S EXIT 0 1.360959 42.545608 -109.730860 0.882206 34.811743 -108.281834 0.654493 31.233225 -107.091896 -0.543663 45.888071 -115.009006 -0.882206 34.811743 -108.281834 -0.654493 31.233225 -107.091896
S EXIT 0 1.134561 40.612621 -109.131521 0.735492 34.121251 -107.820824 0.541983 31.178615 -106.926975 -0.464831 43.373750 -113.641427 -0.735492 34.121251 -107.820824 -0.541983 31.178615 -106.926975
S EXIT 0 0.928745 38.855360 -108.586667 0.602095 33.495295 -107.398840 0.440973 31.130172 -106.778621 -0.389193 41.096123 -112.359617 -0.602095 33.495295 -107.398840 -0.440973 31.130172 -106.778621
S EXIT 0 0.743511 37.273825 -108.096299 0.482025 32.933370 -107.016721 0.351093 31.087548 -106.646390 -0.317859 39.053364 -111.174962 -0.482025 32.933370 -107.016721 -0.351093 31.087548 -106.646390
S EXIT 0 0.578858 35.868017 -107.660417 0.375287 32.435020 -106.675212 0.272012 31.050435 -106.529880 -0.251841 37.243470 -110.097464 -0.375287 32.435020 -106.675212 -0.272012 31.050435 -106.529880
S EXIT 0 0.434787 34.637934 -107.279019 0.281887 31.999839 -106.374971 0.203440 31.018558 -106.428731 -0.192047 35.664462 -109.135864 -0.281887 31.999839 -106.374971 -0.203440 31.018558 -106.428731
S EXIT 0 0.311297 33.583578 -106.952107 0.201826 31.627477 -106.116571 0.145125 30.991677 -106.342627 -0.139278 34.314512 -108.297723 -0.201826 31.627477 -106.116571 -0.145125 30.991677 -106.342627
S EXIT 0 0.208389 32.704948 -106.679680 0.135107 31.317631 -105.900499 0.096853 30.969587 -106.271293 -0.094231 33.192009 -107.589478 -0.135107 31.317631 -105.900499 -0.096853 30.969587 -106.271293
S EXIT 0 0.126062 32.002043 -106.461739 0.081732 31.070053 -105.727158 0.058447 30.952119 -106.214502 -0.057487 32.295607 -107.016473 -0.081732 31.070053 -105.727158 -0.058447 30.952119 -106.214502
S EXIT 0 0.064318 31.474865 -106.298283 0.041700 30.884543 -105.596872 0.029765 30.939137 -106.172070 -0.029515 31.624233 -106.582981 -0.041700 30.884543 -105.596872 -0.029765 30.939137 -106.172070
S EXIT 0 0.023154 31.123413 -106.189312 0.015012 30.760952 -105.509881 0.010702 30.930538 -106.143858 -0.010670 31.177087 -106.292205 -0.015012 30.760952 -105.509881 -0.010702 30.930538 -106.143858
S EXIT 0 0.002573 30.947687 -106.134827 0.001668 30.699181 -105.466345 0.001188 30.926256 -106.129776 -0.001188 30.953645 -106.146282 -0.001668 30.699181 -105.466345 -0.001188 30.926256 -106.129776
S IDLE 0 0.000000 30.925721 -106.128016 -0.000000 30.691461 -105.460901 -0.000000 30.925721 -106.128016 -0.000000 30.925721 -106.128016 -0.000000 30.691461 -105.460901 -0.000000 30.925721 -106.128016
S IDLE 0 0.000000 30.925721 -106.128016 -0.000000 30.691461 -105.460901 -0.000000 30.925721 -106.128016 -0.000000 30.925721 -106.128016 -0.000000 30.691461 -105.460901 -0.000000 30.925721 -106.128016
S IDLE 0 0.000000 30.925721 -106.128016 -0.000000 30.691461 -105.460901 -0.000000 30.925721 -106.128016 -0.000000 30.925721 -106.128016 -0.000000 30.691461 -105.460901 -0.000000 30.925721 -106.128016
S IDLE 0 0.000000 30.925721 -106.128016 -0.000000 30.691461 -105.460901 -0.000000 30.925721 -106.128016 -0.000000 30.925721 -106.128016 -0.000000 30.691461 -105.460901 -0.000000 30.925721 -106.128016
S IDLE 0 0.000000 30.925721 -106.128016 -0.000000 30.691461 -105.460901 -0.000000 30.925721 -106.128016 -0.000000 30.925721 -106.128016 -0.000000 30.691461 -105.460901 -0.000000 30.925721 -106.128016
S IDLE 0 0.000000 30.925721 -106.128016 -0.000000 30.691461 -105.460901 -0.000000 30.925721 -106.128016 -0.000000 30.925721 -106.128016 -0.000000 30.691461 -105.460901 -0.000000 30.925721 -106.128016
S IDLE 0 0.000000 30.925721 -106.128016 -0.000000 30.691461 -105.460901 -0.000000 30.925721 -106.128016 -0.000000 30.925721 -106.128016 -0.000000 30.691461 -105.460901 -0.000000 30.925721 -106.128016
S IDLE 0 0.000000 30.925721 -106.128016 -0.000000 30.691461 -105.460901 -0.000000 30.925721 -106.128016 -0.000000 30.925721 -106.128016 -0.000000 30.691461 -105.460901 -0.000000 30.925721 -106.128016
P 2 fx_mixed_legs - 0.02 0.050000 -0.030000 0.000000 8.000000 -6.000000 12.000000 15.000000 0.000000 0.000000 0.000000 0.000000 0.000000 0.000000 -10.000000 5.000000 0.000000 0.000000 0.000000 0.000000 0.000000 0.000000 -5.000000 5.000000 0.000000
V 40 play fx_overlay OVERLAY_AMPLITUDE=1.5
S ENTRY 0 -8.995842 52.070337 -107.800675 -1.405819 44.545093 -108.017539 -1.064522 39.305935 -101.445461 -2.941909 51.890436 -124.520516 1.394493 41.159409 -118.473739 0.928892 34.851401 -112.071064
S ENTRY 0 -8.774650 56.300072 -109.945921 -1.380882 44.327968 -108.009524 -1.092286 40.993145 -102.616456 -2.885268 51.484197 -124.205111 1.369935 40.966146 -118.246061 0.922999 36.240524 -112.894279
S ENTRY 0 -8.367302 60.136173 -111.792350 -1.339333 43.963645 -107.993156 -1.102434 42.543279 -103.812345 -2.791275 50.810912 -123.678984 1.329006 40.644950 -117.866575 0.905809 37.516448 -113.592242
S ENTRY 0 -7.769269 63.461962 -113.328743 -1.281191 43.448502 -107.963926 -1.092581 43.912620 -105.017105 -2.660534 49.876055 -122.941407 1.271706 40.197141 -117.335227 0.876687 38.638187 -114.145000
S ENTRY 0 -6.976644 66.174374 -114.556510 -1.206484 42.777572 -107.915540 -1.060803 45.057248 -106.214581 -2.493884 48.686914 -121.991261 1.198034 39.624470 -116.651888 0.835056 39.568644 -114.535738
S ENTRY 0 -5.986576 68.184323 -115.482023 -1.115245 41.944650 -107.839934 -1.005759 45.932816 -107.387033 -2.292381 47.252240 -120.826931 1.107986 38.929033 -115.816312 0.780412 40.275998 -114.750816
S ENTRY 0 -4.797664 69.414499 -116.107476 -1.007513 40.942434 -107.727301 -0.926797 46.494344 -108.513611 -2.057288 45.581834 -119.446186 1.001554 38.113167 -114.828074 0.712356 40.734896 -114.779698
S ENTRY 0 -3.410268 69.796089 -116.421798 -0.883333 39.762711 -107.566136 -0.824036 46.696201 -109.569008 -1.790059 43.686079 -117.846018 0.878725 37.179326 -113.686499 0.630591 40.927371 -114.614801
S ENTRY 0 -1.826734 69.266644 -116.393256 -0.742754 38.396573 -107.343283 -0.698418 46.492550 -110.522466 -1.492319 41.575453 -116.022454 0.739477 36.129954 -112.390579 0.534934 40.843453 -114.251341
S ENTRY 0 -0.156545 67.852642 -115.991698 -0.595114 36.928166 -107.063197 -0.560379 45.874516 -111.288241 -1.184991 39.395915 -114.092276 0.592999 35.035906 -111.024942 0.431833 40.498945 -113.718167
S ENTRY 0 1.338439 65.749488 -115.253594 -0.463105 35.587275 -106.772996 -0.433540 44.915281 -111.727214 -0.914780 37.476431 -112.352344 0.461820 34.063923 -109.799431 0.337730 39.940665 -113.089392
S ENTRY 0 2.643760 63.013234 -114.188382 -0.347705 34.394386 -106.488692 -0.321232 43.639361 -111.838657 -0.682048 35.819081 -110.819591 0.346978 33.218530 -108.724324 0.254215 39.179754 -112.368516
S ENTRY 0 3.758758 59.705671 -112.796463 -0.248866 33.357955 -106.222594 -0.225226 42.080978 -111.634675 -0.485264 34.413640 -109.497572 0.248493 32.497334 -107.800495 0.181983 38.232207 -111.559660
S ENTRY 0 4.684149 55.904054 -111.077360 -0.166552 32.484791 -105.985141 -0.146581 40.286390 -111.134987 -0.323152 33.252329 -108.389734 0.166384 31.898542 -107.028866 0.121542 37.120312 -110.671198
S ENTRY 0 5.421394 51.701771 -109.036633 -0.100732 31.780260 -105.784954 -0.085610 38.311762 -110.367102 -0.194673 32.329336 -107.499234 0.100671 31.420840 -106.410322 0.073209 35.871905 -109.715848
S ENTRY 0 5.972206 47.207230 -106.692259 -0.051386 31.248457 -105.628875 -0.041896 36.220395 -109.365969 -0.099014 31.640431 -106.828798 0.051370 31.063288 -105.945653 0.037125 34.519453 -108.710654
S ENTRY 0 6.338211 42.540841 -104.079549 -0.018497 30.892332 -105.522005 -0.014382 34.079684 -108.173131 -0.035571 31.182684 -106.380585 0.018495 30.825248 -105.635499 0.013263 33.099027 -107.676822
S ENTRY 0 6.520745 37.830731 -101.254092 -0.002055 30.713799 -105.467725 -0.001516 31.958177 -106.835457 -0.003948 30.954254 -106.156096 0.002055 30.706322 -105.480306 0.001460 31.649200 -106.639371
S PLAYING 0 6.543526 35.500317 -99.784758 -0.000000 30.691461 -105.460901 -0.000000 30.925721 -106.128016 -0.000000 30.925721 -106.128016 -0.000000 30.691461 -105.460901 -0.000000 30.925721 -106.128016
S PLAYING 0 6.543614 35.598019 -99.836011 0.004897 30.714125 -105.476881 0.003489 30.927291 -106.133182 -0.003486 31.007701 -106.181622 -0.004897 30.714125 -105.476881 -0.003489 30.927291 -106.133182
S PLAYING 0 6.543831 35.890393 -99.989274 0.019587 30.782132 -105.524800 0.013967 30.932009 -106.148690 -0.013911 31.253709 -106.342149 -0.019587 30.782132 -105.524800 -0.013967 30.932009 -106.148690
S PLAYING 0 6.544038 36.375239 -100.243056 0.044070 30.895521 -105.604592 0.031460 30.939902 -106.174578 -0.031181 31.663958 -106.608734 -0.044070 30.895521 -105.604592 -0.031460 30.939902 -106.174578
S PLAYING 0 6.544005 37.048893 -100.594887 0.078347 31.054359 -105.716150 0.056017 30.951017 -106.210908 -0.055135 32.238801 -106.979939 -0.078347 31.054359 -105.716150 -0.056017 30.951017 -106.210908
S PLAYING 0 6.543411 37.906229 -101.041348 0.122416 31.258740 -105.859322 0.087704 30.965417 -106.257768 -0.085551 32.978741 -107.453749 -0.122416 31.258740 -105.859322 -0.087704 30.965417 -106.257768
S PLAYING 0 6.541848 38.940666 -101.578097 0.176279 31.508784 -106.033913 0.126606 30.983185 -106.315267 -0.122145 33.884426 -108.027578 -0.176279 31.508784 -106.033913 -0.126606 30.983185 -106.315267
S PLAYING 0 6.538823 40.144169 -102.199914 0.239933 31.804638 -106.239684 0.172828 31.004421 -106.383542 -0.164570 34.956656 -108.698259 -0.239933 31.804638 -106.239684 -0.172828 31.004421 -106.383542
S PLAYING 0 6.533761 41.507262 -102.900757 0.313379 32.146479 -106.476352 0.226495 31.029244 -106.462753 -0.212420 36.196372 -109.462045 -0.313379 32.146479 -106.476352 -0.226495 31.029244 -106.462753
S PLAYING 0 6.526012 43.019034 -103.673822 0.396615 32.534509 -106.743587 0.287752 31.057793 -106.553082 -0.265229 37.604651 -110.314591 -0.396615 32.534509 -106.743587 -0.287752 31.057793 -106.553082
S PLAYING 0 6.514853 44.667150 -104.511614 0.489638 32.968958 -107.041014 0.356763 31.090224 -106.654737 -0.322474 39.182677 -111.250941 -0.489638 32.968958 -107.041014 -0.356763 31.090224 -106.654737
S PLAYING 0 6.499494 46.437872 -105.406032 0.592446 33.450086 -107.368213 0.433714 31.126712 -106.767949 -0.383575 40.931705 -112.265495 -0.592446 33.450086 -107.368213 -0.433714 31.126712 -106.767949
S PLAYING 0 6.479084 48.316071 -106.348459 0.705035 33.978179 -107.724715 0.518813 31.167454 -106.892969 -0.447895 42.852997 -113.351970 -0.705035 33.978179 -107.724715 -0.518813 31.167454 -106.892969
S PLAYING 0 6.452718 50.285254 -107.329867 0.827399 34.553551 -108.110000 0.612290 31.212662 -107.030073 -0.514747 44.947734 -114.503345 -0.827399 34.553551 -108.110000 -0.612290 31.212662 -107.030073
S PLAYING 0 6.419443 52.327597 -108.340928 0.959533 35.176544 -108.523502 0.714395 31.262571 -107.179557 -0.583387 47.216887 -115.711792 -0.959533 35.176544 -108.523502 -0.714395 31.262571 -107.179557
S PLAYING 0 6.378267 54.423979 -109.372143 1.101426 35.847525 -108.964597 0.825404 31.317435 -107.341741 -0.653023 49.661038 -116.968583 -1.101426 35.847525 -108.964597 -0.825404 31.317435 -107.341741
S PLAYING 0 6.328164 56.554033 -110.413977 1.253070 36.566889 -109.432611 0.945615 31.377529 -107.516961 -0.722812 52.280150 -118.263979 -1.253070 36.566889 -109.432611 -0.945615 31.377529 -107.516961
S PLAYING 0 6.268087 58.696205 -111.457013 1.414450 37.335052 -109.926810 1.075354 31.443146 -107.705576 -0.791861 55.073252 -119.587100 -1.414450 37.335052 -109.926810 -1.075354 31.443146 -107.705576
S PLAYING 0 6.196971 60.827835 -112.492118 1.585553 38.152456 -110.446402 1.214969 31.514603 -107.907963 -0.859229 58.038049 -120.925766 -1.585553 38.152456 -110.446402 -1.214969 31.514603 -107.907963
S PLAYING 0 6.113746 62.925248 -113.510620 1.766359 39.019559 -110.990530 1.364838 31.592238 -108.124518 -0.923927 61.170430 -122.266325 -1.766359 39.019559 -110.990530 -1.364838 31.592238 -108.124518
S PLAYING 0 6.017347 64.963878 -114.504511 1.956847 39.936837 -111.558270 1.525364 31.676411 -108.355654 -0.984918 64.463868 -123.593462 -1.956847 39.936837 -111.558270 -1.525364 31.676411 -108.355654
S PLAYING 0 5.906720 66.918410 -115.466655 2.156992 40.904777 -112.148627 1.696982 31.767504 -108.601800 -1.041114 67.908728 -124.890004 -2.156992 40.904777 -112.148627 -1.696982 31.767504 -108.601800
S ENTRY 0 5.881164 66.762681 -115.426250 2.146932 40.884556 -112.136650 1.688929 31.763205 -108.590273 -1.038678 67.748947 -124.831966 -2.147680 40.859649 -112.121302 -1.688929 31.763205 -108.590273
S ENTRY 0 5.804494 66.295497 -115.305035 2.116790 40.823926 -112.100705 1.664811 31.750344 -108.555735 -1.031266 67.269254 -124.656491 -2.119744 40.724314 -112.039239 -1.664811 31.750344 -108.555735
S ENTRY 0 5.676712 65.516856 -115.103009 2.066677 40.722981 -112.040741 1.624742 31.729025 -108.498311 -1.018562 66.468660 -124.359516 -2.073177 40.498914 -111.902177 -1.624742 31.729025 -108.498311
S ENTRY 0 5.497818 64.426758 -114.820173 1.996779 40.581881 -111.956680 1.568914 31.699421 -108.418211 -1.000040 65.345728 -123.934357 -2.007974 40.183689 -111.709679 -1.568914 31.699421 -108.418211
S ENTRY 0 5.267810 63.025204 -114.456527 1.907360 40.400847 -111.848413 1.497593 31.661775 -108.315728 -0.974962 63.898865 -123.371827 -1.924122 39.778979 -111.461140 -1.497593 31.661775 -108.315728
S ENTRY 0 4.986690 61.312193 -114.012070 1.798757 40.180163 -111.715804 1.411119 31.616400 -108.191244 -0.942374 62.126700 -122.660404 -1.821610 39.285219 -111.155789 -1.411119 31.616400 -108.191244
S ENTRY 0 4.654457 59.287726 -113.486803 1.671385 39.920174 -111.558694 1.309905 31.563672 -108.045226 -0.901104 60.028520 -121.786429 -1.700423 38.702949 -110.792690 -1.309905 31.563672 -108.045226
S ENTRY 0 4.271111 56.951803 -112.880726 1.525737 39.621287 -111.376902 1.194433 31.504038 -107.878231 -0.849758 57.604696 -120.734329 -1.560548 38.032809 -110.370751 -1.194433 31.504038 -107.878231
S ENTRY 0 3.836653 54.304423 -112.193839 1.362384 39.283964 -111.170231 1.065253 31.438009 -107.690908 -0.786712 54.857069 -119.486838 -1.401968 37.275543 -109.888729 -1.065253 31.438009 -107.690908
S ENTRY 0 3.351081 51.345587 -111.426141 1.181978 38.908726 -110.938472 0.922979 31.366160 -107.483999 -0.710106 51.789212 -118.025200 -1.224672 36.431997 -109.345235 -0.922979 31.366160 -107.483999
S ENTRY 0 2.817592 48.094760 -110.582684 0.986416 38.498594 -110.682940 0.769202 31.289582 -107.259675 -0.618405 48.426634 -116.339646 -1.029815 35.508637 -108.742367 -0.769202 31.289582 -107.259675
S ENTRY 0 2.306464 44.980195 -109.774581 0.801662 38.107734 -110.437273 0.624337 31.218522 -107.047726 -0.523080 45.216505 -114.648582 -0.843072 34.627354 -108.159185 -0.624337 31.218522 -107.047726
S ENTRY 0 1.846449 42.177087 -109.047288 0.637575 37.757682 -110.215496 0.496001 31.156493 -106.859474 -0.430982 42.339297 -113.064337 -0.674966 33.837021 -107.629692 -0.496001 31.156493 -106.859474
S ENTRY 0 1.437547 39.685435 -108.400806 0.493471 37.447884 -110.017845 0.383535 31.102880 -106.694143 -0.344055 39.792452 -111.607421 -0.525516 33.136743 -107.155379 -0.383535 31.102880 -106.694143
S ENTRY 0 1.079757 37.505240 -107.835134 0.368735 37.177849 -109.844516 0.286361 31.057142 -106.551032 -0.264051 37.572759 -110.295461 -0.394732 32.525725 -106.737554 -0.286361 31.057142 -106.551032
S ENTRY 0 0.773081 35.636501 -107.350272 0.262827 36.947157 -109.695672 0.203979 31.018808 -106.429527 -0.192526 35.676913 -109.143526 -0.282624 32.003272 -106.377347 -0.203979 31.018808 -106.429527
S ENTRY 0 0.517517 34.079218 -106.946221 0.175284 36.755450 -109.571446 0.135965 30.987474 -106.329095 -0.130826 34.101857 -108.164340 -0.189197 31.568793 -106.075721 -0.135965 30.987474 -106.329095
S ENTRY 0 0.313066 32.833392 -106.622980 0.105717 36.602432 -109.471943 0.081969 30.962806 -106.249288 -0.080087 32.844964 -107.368420 -0.114453 31.221795 -105.833472 -0.081969 30.962806 -106.249288
S ENTRY 0 0.159727 31.899023 -106.380549 0.053815 36.487872 -109.397247 0.041713 30.944538 -106.189748 -0.041223 31.904120 -106.764150 -0.058395 30.961888 -105.651234 -0.041713 30.944538 -106.189748
S ENTRY 0 0.057502 31.276110 -106.218928 0.019344 36.411594 -109.347417 0.014991 30.932470 -106.150206 -0.014928 31.277752 -106.357811 -0.021022 30.788778 -105.529480 -0.014991 30.932470 -106.150206
S ENTRY 0 0.006389 30.964653 -106.138118 0.002148 36.373484 -109.322492 0.001664 30.926470 -106.130480 -0.001663 30.964825 -106.153593 -0.002336 30.702272 -105.468524 -0.001664 30.926470 -106.130480
S PLAYING 0 0.000000 30.925721 -106.128016 -0.000000 36.368721 -109.319376 -0.000000 30.925721 -106.128016 -0.000000 30.925721 -106.128016 -0.000000 30.691461 -105.460901 -0.000000 30.925721 -106.128016
S PLAYING 0 0.783138 36.107141 -108.713903 0.993842 40.971202 -112.227753 0.871202 26.059691 -103.579181 -0.783138 36.107141 -108.713903 -1.159443 30.862026 -105.567258 -0.871202 26.059691 -103.579181
S PLAYING 0 1.459799 41.136848 -111.043218 1.829663 45.016660 -114.616956 1.800211 21.415211 -100.992840 -1.459799 41.136848 -111.043218 -2.275691 31.094453 -105.691173 -1.800211 21.415211 -100.992840
S PLAYING 0 2.022058 45.824977 -113.054886 2.524628 48.227822 -116.401742 2.744943 17.158974 -98.489542 -2.022058 45.824977 -113.054886 -3.307751 31.375142 -105.828417 -2.744943 17.158974 -98.489542
S PLAYING 0 2.470245 49.995642 -114.715112 3.111054 50.385475 -117.538308 3.653348 13.436987 -96.195551 -2.470245 49.995642 -114.715112 -4.218741 31.683718 -105.972910 -3.653348 13.436987 -96.195551
S PLAYING 0 2.810279 53.497804 -116.014916 3.624268 51.347185 -118.010779 4.467372 10.371811 -94.234066 -2.810279 53.497804 -116.014916 -4.977280 31.996005 -106.117669 -4.467372 10.371811 -94.234066
S PLAYING 0 3.050893 56.212509 -116.963963 4.090744 51.055303 -117.818008 5.128816 8.061274 -92.716119 -3.050893 56.212509 -116.963963 -5.558317 32.287479 -106.255820 -5.128816 8.061274 -92.716119
S PLAYING 0 3.201045 58.055359 -117.581871 4.518946 49.537179 -116.966735 5.586346 6.577915 -91.731755 -3.201045 58.055359 -117.581871 -5.943438 32.536682 -106.381546 -5.586346 6.577915 -91.731755
S PLAYING 0 3.267736 58.975046 -117.888960 4.894649 46.901115 -115.474189 5.802435 5.968729 -91.342327 -3.267736 58.975046 -117.888960 -6.120854 32.728139 -106.490830 -5.802435 5.968729 -91.342327
S PLAYING 0 3.254478 58.950171 -117.898687 5.181615 43.328780 -113.378730 5.758801 6.255052 -91.574908 -3.254478 58.950171 -117.898687 -6.085253 32.854418 -106.581927 -5.758801 6.255052 -91.574908
S PLAYING 0 3.160553 57.986824 -117.613537 5.327415 39.062617 -110.753586 5.459163 7.432591 -92.419736 -3.160553 57.986824 -117.613537 -5.837695 32.917097 -106.655544 -5.459163 7.432591 -92.419736
S PLAYING 0 2.981160 59.915871 -118.747448 5.273304 38.305763 -110.280221 4.928678 13.350419 -97.280085 -2.981160 59.915871 -118.747448 -5.385634 36.832075 -109.319845 -4.928678 13.350419 -97.280085
S PLAYING 0 2.708440 56.323967 -117.530174 4.966331 32.559233 -106.507671 4.210182 15.266850 -98.286743 -2.708440 56.323967 -117.530174 -4.743054 35.867128 -108.756659 -4.210182 15.266850 -98.286743
S PLAYING 0 2.333243 51.931515 -115.915694 4.371609 27.013787 -102.610097 3.358100 17.876813 -99.681683 -2.333243 51.931515 -115.915694 -3.930591 34.857577 -108.160655 -3.358100 17.876813 -99.681683
S PLAYING 0 1.847471 46.876287 -113.882291 3.482663 21.974599 -98.840782 2.431328 21.083396 -101.375576 -1.847471 46.876287 -113.882291 -2.975465 33.838823 -107.544268 -2.431328 21.083396 -101.375576
S PLAYING 0 1.246759 41.333133 -111.436764 2.327855 17.714605 -95.474939 1.486485 24.765142 -103.266872 -1.246759 41.333133 -111.436764 -1.911006 32.845115 -106.921041 -1.486485 24.765142 -103.266872
S PLAYING 0 0.533247 35.502337 -108.620072 0.971184 14.462214 -92.781241 0.572634 28.778522 -105.249856 -0.533247 35.502337 -108.620072 -0.775653 31.906037 -106.304531 -0.572634 28.778522 -105.249856
S PLAYING 0 -0.281860 29.594196 -105.507753 -0.493589 12.385977 -90.986233 -0.271976 32.962224 -107.222551 0.281860 29.594196 -105.507753 0.388636 31.043612 -105.707119 0.271976 32.962224 -107.222551
S PLAYING 0 -1.176293 23.814196 -102.205993 -1.955088 11.577699 -90.237211 -1.021111 37.143429 -109.093684 1.176293 23.814196 -102.205993 1.538415 30.270492 -105.138975 1.021111 37.143429 -109.093684
S PLAYING 0 -2.115769 18.352071 -98.844902 -3.300481 12.040190 -90.574393 -1.660059 41.145920 -110.787951 2.115769 18.352071 -98.844902 2.630987 29.589533 -104.607375 1.660059 41.145920 -110.787951
S PLAYING 0 -3.054573 13.375790 -95.570409 -4.431926 13.686515 -91.923479 -2.183924 44.799289 -112.248921 3.054573 13.375790 -95.570409 3.626540 28.994798 -104.116525 2.183924 44.799289 -112.248921
S PLAYING 0 -3.938112 9.029536 -92.535541 -5.279564 16.352586 -94.112157 -2.595207 47.948003 -113.439135 3.938112 9.029536 -92.535541 4.489898 28.473795 -103.667908 2.595207 47.948003 -113.439135
S PLAYING 0 -4.707553 5.433818 -89.891141 -5.808658 19.818073 -96.903489 -2.901069 50.458952 -114.337415 4.707553 5.433818 -89.891141 5.191728 28.010576 -103.261087 2.901069 50.458952 -114.337415
S PLAYING 0 -5.306182 2.685902 -87.775852 -6.020321 23.827717 -100.033818 -3.110591 52.226544 -114.934030 5.306182 2.685902 -87.775852 5.709176 27.589176 -102.894799 3.110591 52.226544 -114.934030
S PLAYING 0 -5.686541 0.859386 -86.305417 -5.946665 28.107882 -103.245274 -3.232292 53.175264 -115.224944 5.686541 0.859386 -86.305417 6.026049 27.196907 -102.568137 3.232292 53.175264 -115.224944
S PLAYING 0 -5.817026 0.002661 -85.562164 -5.641784 32.378255 -106.308739 -3.272146 53.260540 -115.206670 5.817026 0.002661 -85.562164 6.132734 26.827043 -102.281626 3.272146 53.260540 -115.206670
S PLAYING 0 -5.686541 0.136828 -85.586371 -5.170221 36.362115 -109.037285 -3.232292 52.469110 -114.873184 5.686541 0.136828 -85.586371 6.026049 26.480568 -102.038002 3.232292 52.469110 -114.873184
S PLAYING 0 -5.306182 1.254108 -86.371588 -4.594717 39.798811 -111.291413 -3.110591 50.819791 -114.215798 5.306182 1.254108 -86.371588 5.709176 26.166769 -101.842579 3.110591 50.819791 -114.215798
S PLAYING 0 -4.707553 3.317570 -87.865289 -3.965258 42.459649 -112.977386 -2.901069 48.364651 -113.226177 4.707553 3.317570 -87.865289 5.191728 25.902602 -101.703104 2.901069 48.364651 -113.226177
S PLAYING 0 -3.938112 6.262326 -89.974789 -3.311378 44.165400 -114.040247 -2.595207 45.189718 -111.901791 3.938112 6.262326 -89.974789 4.489898 25.710891 -101.629102 2.595207 45.189718 -111.901791
S PLAYING 0 -3.054573 9.997590 -92.576912 -2.639242 44.802215 -114.454284 -2.183924 41.413809 -110.252479 3.054573 9.997590 -92.576912 3.626540 25.617562 -101.630757 2.183924 41.413809 -110.252479
S PLAYING 0 -2.115769 14.408766 -95.529317 -1.934156 44.333299 -114.214869 -1.660059 37.184423 -108.306494 2.115769 14.408766 -95.529317 2.630987 25.648246 -101.717489 1.660059 37.184423 -108.306494
S PLAYING 0 -1.176293 19.359120 -98.681724 -1.168039 42.804740 -113.335321 -1.021111 32.670582 -106.114613 1.176293 19.359120 -98.681724 1.538415 25.824708 -101.896441 1.021111 32.670582 -106.114613
S PLAYING 0 -0.281860 24.691249 -101.886167 -0.310354 40.344070 -111.850225 -0.271976 28.053583 -103.751429 0.281860 24.691249 -101.886167 0.388636 26.161623 -102.171154 0.271976 28.053583 -103.751429
S PLAYING 0 0.533247 30.229348 -105.006040 0.659797 37.150059 -109.823424 0.572634 23.517283 -101.313646 -0.533247 30.229348 -105.006040 -0.775653 26.664192 -102.540686 -0.572634 23.517283 -101.313646
S PLAYING 0 1.246759 35.783600 -107.923952 1.743059 33.473660 -107.356564 1.486485 19.239365 -98.915661 -1.246759 35.783600 -107.923952 -1.911006 27.327012 -102.999373 -1.486485 19.239365 -98.915661
S PLAYING 0 1.847471 41.157804 -110.548166 2.913157 29.593166 -104.593919 2.431328 15.384382 -96.682939 -1.847471 41.157804 -110.548166 -2.975465 28.134385 -103.537291 -2.431328 15.384382 -96.682939
S PLAYING 0 2.333243 46.160295 -112.816926 4.115907 25.789261 -101.720892 3.358100 12.098638 -94.743692 -2.333243 46.160295 -112.816926 -3.930591 29.062019 -104.141325 -3.358100 12.098638 -94.743692
S PLAYING 0 2.708440 50.616652 -114.699703 5.274337 22.325281 -98.955477 4.210182 9.506521 -93.219414 -2.708440 50.616652 -114.699703 -4.743054 30.079855 -104.796645 -4.210182 9.506521 -93.219414
S PLAYING 0 2.981160 54.381401 -116.194576 6.298908 19.434822 -96.533028 4.928678 7.707922 -92.214941 -2.981160 54.381401 -116.194576 -5.385634 31.155551 -105.488273 -4.928678 7.707922 -92.214941
S PLAYING 0 3.160553 57.345781 -117.321764 7.100490 17.315053 -94.684877 5.459163 6.776547 -91.809085 -3.160553 57.345781 -117.321764 -5.837695 32.258097 -106.202489 -5.459163 6.776547 -91.809085
S PLAYING 0 3.254478 59.440054 -118.114449 7.603349 16.122323 -93.612077 5.758801 6.759195 -92.047103 -3.254478 59.440054 -118.114449 -6.085253 33.361062 -106.927839 -5.758801 6.759195 -92.047103
S PLAYING 0 3.267736 60.631011 -118.608881 7.755873 15.967609 -93.457674 5.802435 7.676049 -92.936239 -3.267736 60.631011 -118.608881 -6.120854 34.445041 -107.655644 -5.802435 7.676049 -92.936239
S PLAYING 0 3.201045 60.917006 -118.836013 7.537732 16.911875 -94.283675 5.586346 9.521744 -94.444998 -3.201045 60.917006 -118.836013 -5.943438 35.499035 -108.379998 -5.586346 9.521744 -94.444998
S PLAYING 0 3.050893 60.323240 -118.816424 6.963012 18.963153 -96.059643 5.128816 12.266600 -96.506005 -3.050893 60.323240 -118.816424 -5.558317 36.520624 -109.097332 -5.128816 12.266600 -96.506005
S PLAYING 0 2.810279 58.899179 -118.559444 6.079102 22.076319 -98.666718 4.467372 15.857183 -99.021580 -2.810279 58.899179 -118.559444 -4.977280 37.514943 -109.805678 -4.467372 15.857183 -99.021580
S PLAYING 0 2.470245 56.718429 -118.066338 4.218741 38.492598 -110.503787 3.653348 20.215529 -101.870960 -2.470245 56.718429 -118.066338 -4.218741 38.492598 -110.503787 -3.653348 20.215529 -101.870960
S PLAYING 0 2.022058 53.879957 -117.336550 3.307751 39.466785 -111.190243 2.744943 25.236955 -104.918335 -2.022058 53.879957 -117.336550 -3.307751 39.466785 -111.190243 -2.744943 25.236955 -104.918335
S PLAYING 0 1.459799 50.508692 -116.375349 2.275691 40.450004 -111.862731 1.800211 30.787200 -108.021429 -1.459799 50.508692 -116.375349 -2.275691 40.450004 -111.862731 -1.800211 30.787200 -108.021429
S PLAYING 0 0.783138 46.753561 -115.200966 1.159443 41.450799 -112.517557 0.871202 36.700628 -111.040729 -0.783138 46.753561 -115.200966 -1.159443 41.450799 -112.517557 -0.871202 36.700628 -111.040729
S PLAYING 0 -0.000000 42.781964 -113.849485 -0.000000 42.471067 -113.149503 -0.000000 42.781964 -113.849485 0.000000 42.781964 -113.849485 0.000000 42.471067 -113.149503 0.000000 42.781964 -113.849485
S PLAYING 0 -0.871202 33.001095 -108.561068 -1.159443 37.774933 -110.216838 -0.783138 43.060794 -113.061924 0.871202 33.001095 -108.561068 1.159443 37.774933 -110.216838 0.783138 43.060794 -113.061924
S PLAYING 0 -1.800211 28.336814 -106.260907 -2.275691 38.007780 -110.326225 -1.459799 48.069458 -115.060317 1.800211 28.336814 -106.260907 2.275691 38.007780 -110.326225 1.459799 48.069458 -115.060317
S PLAYING 0 -2.744943 24.058936 -104.018492 -3.307751 38.288025 -110.445179 -2.022058 52.713000 -116.750980 2.744943 24.058936 -104.018492 3.307751 38.288025 -110.445179 2.022058 52.713000 -116.750980
S PLAYING 0 -3.653348 20.318087 -101.953507 -4.218741 38.595601 -110.569177 -2.470245 56.819293 -118.113607 3.653348 20.318087 -101.953507 4.218741 38.595601 -110.569177 2.470245 56.819293 -118.113607
S PLAYING 0 -4.467372 17.239138 -100.182552 -4.977280 38.906734 -110.693101 -2.810279 60.246576 -119.153680 4.467372 17.239138 -100.182552 4.977280 38.906734 -110.693101 2.810279 60.246576 -119.153680
S PLAYING 0 -5.128816 14.920156 -98.810137 -5.558317 39.197344 -110.811992 -3.050893 62.888808 -119.894794 5.128816 14.920156 -98.810137 5.558317 39.197344 -110.811992 3.050893 62.888808 -119.894794
S PLAYING 0 -5.586346 13.432665 -97.920445 -5.943438 39.446396 -110.921730 -3.201045 64.675136 -120.368365 5.586346 13.432665 -97.920445 5.943438 39.446396 -110.921730 3.201045 64.675136 -120.368365
S PLAYING 0 -5.802435 12.822430 -97.570508 -6.120854 39.638746 -111.019534 -3.267736 65.565247 -120.603094 5.802435 12.822430 -97.570508 6.120854 39.638746 -111.019534 3.267736 65.565247 -120.603094
P 3 fx_single - 0.02 0.050000 -0.030000 0.000000 8.000000 -6.000000 12.000000 15.000000 0.000000 0.000000 0.000000 0.000000 0.000000 0.000000 -10.000000 5.000000 0.000000 0.000000 0.000000 0.000000 0.000000 0.000000 -5.000000 5.000000 0.000000
V 40 stop
S ENTRY 0 -8.973318 51.129625 -107.347009 -1.353895 44.728311 -108.138380 -1.037693 39.625552 -101.710732 -2.936182 52.300728 -124.670347 1.323356 41.384654 -118.600646 0.880341 35.115839 -112.286265
S ENTRY 0 -8.720536 55.146658 -109.528825 -1.172376 45.062257 -108.493122 -0.967813 41.549568 -103.239047 -2.862238 53.124214 -124.804567 1.086541 41.866208 -118.751187 0.728264 36.706585 -113.366565
S ENTRY 0 -8.282460 59.508804 -111.835884 -0.867150 45.621147 -109.082125 -0.809344 43.223667 -104.868738 -2.738999 54.496691 -125.028267 0.695688 42.666489 -118.993657 0.470646 38.092983 -114.344966
S ENTRY 0 -7.660682 64.111084 -114.190563 -0.434157 46.408590 -109.902013 -0.555163 44.574736 -106.570790 -2.566464 56.418160 -125.341447 0.156532 43.781422 -119.315164 0.107648 39.207473 -115.186087
S ENTRY 0 -6.852182 68.862675 -116.532934 0.132321 47.429925 -110.948010 -0.193098 45.529823 -108.317075 -2.344632 58.888619 -125.744107 -0.522961 45.204052 -119.697178 -0.363761 39.989761 -115.861144
S ENTRY 0 -5.848700 73.688563 -118.818047 0.839693 48.692496 -112.213855 0.295130 46.015209 -110.076695 -2.073505 61.908069 -126.236247 -1.332668 46.923278 -120.115086 -0.950344 40.389729 -116.347974
S ENTRY 0 -4.636553 78.529534 -121.010866 1.697066 50.205988 -113.691667 0.935337 45.955382 -111.812009 -1.753083 65.476510 -126.817867 -2.260436 48.922214 -120.537675 -1.663032 40.369937 -116.630618
S ENTRY 0 -3.209156 83.301330 -123.063558 2.706637 51.967856 -115.357823 1.755623 45.279758 -113.461946 -1.386445 69.559630 -127.483375 -3.283835 51.157717 -120.923825 -2.509987 39.912226 -116.698578
S ENTRY 0 -1.815998 87.133573 -124.640968 3.684695 53.657107 -116.900979 2.625328 44.087360 -114.696743 -1.041374 73.402566 -128.109735 -4.210474 53.202973 -121.189831 -3.346041 39.114228 -116.546361
S ENTRY 0 -0.562162 89.712675 -125.720055 4.544525 55.130159 -118.203663 3.469114 42.454520 -115.398322 -0.745599 76.696512 -128.646615 -4.977067 54.904661 -121.341017 -4.107259 38.034090 -116.179696
S ENTRY 2 0.549844 90.000000 -126.401289 5.276162 56.376084 -119.274585 4.267991 40.430738 -115.584054 -0.499120 79.441467 -129.094015 -5.596744 56.282914 -121.411992 -4.790285 36.703320 -115.611758
S ENTRY 2 1.512499 90.000000 -126.744299 5.871318 57.385179 -120.121409 4.999735 38.093760 -115.286071 -0.301937 81.637430 -129.451935 -6.080156 57.357603 -121.432381 -5.388689 35.166278 -114.862083
S ENTRY 2 2.313934 90.000000 -126.772877 6.323403 58.149340 -120.750575 5.639345 35.544513 -114.551978 -0.154049 83.284403 -129.720375 -6.435622 58.146519 -121.426299 -5.893090 33.477954 -113.956834
S ENTRY 0 2.939024 88.863407 -126.485356 6.627504 58.662319 -121.167120 6.160167 32.899327 -113.443737 -0.055458 84.382385 -129.899335 -6.669257 58.664041 -121.412024 -6.291635 31.701315 -112.928779
S ENTRY 0 3.370720 86.268443 -125.867531 6.780365 58.919878 -121.374510 6.535666 30.281134 -112.034908 -0.006162 84.931376 -129.988815 -6.785079 58.920222 -121.401812 -6.570811 29.904430 -111.816817
S PLAYING 0 3.508530 84.682861 -125.430008 6.799511 58.952123 -121.400392 6.661226 29.020347 -111.242967 0.000000 85.000000 -130.000000 -6.799511 58.952123 -121.400392 -6.661226 29.020347 -111.242967
S HOLD 0 3.508530 84.682861 -125.430008 6.799511 58.952123 -121.400392 6.661226 29.020347 -111.242967 0.000000 85.000000 -130.000000 -6.799511 58.952123 -121.400392 -6.661226 29.020347 -111.242967
S HOLD 0 3.508530 84.682861 -125.430008 6.799511 58.952123 -121.400392 6.661226 29.020347 -111.242967 0.000000 85.000000 -130.000000 -6.799511 58.952123 -121.400392 -6.661226 29.020347 -111.242967
S HOLD 0 3.508530 84.682861 -125.430008 6.799511 58.952123 -121.400392 6.661226 29.020347 -111.242967 0.000000 85.000000 -130.000000 -6.799511 58.952123 -121.400392 -6.661226 29.020347 -111.242967
S HOLD 0 3.508530 84.682861 -125.430008 6.799511 58.952123 -121.400392 6.661226 29.020347 -111.242967 0.000000 85.000000 -130.000000 -6.799511 58.952123 -121.400392 -6.661226 29.020347 -111.242967
S HOLD 0 3.508530 84.682861 -125.430008 6.799511 58.952123 -121.400392 6.661226 29.020347 -111.242967 0.000000 85.000000 -130.000000 -6.799511 58.952123 -121.400392 -6.661226 29.020347 -111.242967
S HOLD 0 3.508530 84.682861 -125.430008 6.799511 58.952123 -121.400392 6.661226 29.020347 -111.242967 0.000000 85.000000 -130.000000 -6.799511 58.952123 -121.400392 -6.661226 29.020347 -111.242967
S HOLD 0 3.508530 84.682861 -125.430008 6.799511 58.952123 -121.400392 6.661226 29.020347 -111.242967 0.000000 85.000000 -130.000000 -6.799511 58.952123 -121.400392 -6.661226 29.020347 -111.242967
S HOLD 0 3.508530 84.682861 -125.430008 6.799511 58.952123 -121.400392 6.661226 29.020347 -111.242967 0.000000 85.000000 -130.000000 -6.799511 58.952123 -121.400392 -6.661226 29.020347 -111.242967
S HOLD 0 3.508530 84.682861 -125.430008 6.799511 58.952123 -121.400392 6.661226 29.020347 -111.242967 0.000000 85.000000 -130.000000 -6.799511 58.952123 -121.400392 -6.661226 29.020347 -111.242967
S HOLD 0 3.508530 84.682861 -125.430008 6.799511 58.952123 -121.400392 6.661226 29.020347 -111.242967 0.000000 85.000000 -130.000000 -6.799511 58.952123 -121.400392 -6.661226 29.020347 -111.242967
S HOLD 0 3.508530 84.682861 -125.430008 6.799511 58.952123 -121.400392 6.661226 29.020347 -111.242967 0.000000 85.000000 -130.000000 -6.799511 58.952123 -121.400392 -6.661226 29.020347 -111.242967
S HOLD 0 3.508530 84.682861 -125.430008 6.799511 58.952123 -121.400392 6.661226 29.020347 -111.242967 0.000000 85.000000 -130.000000 -6.799511 58.952123 -121.400392 -6.661226 29.020347 -111.242967
S HOLD 0 3.508530 84.682861 -125.430008 6.799511 58.952123 -121.400392 6.661226 29.020347 -111.242967 0.000000 85.000000 -130.000000 -6.799511 58.952123 -121.400392 -6.661226 29.020347 -111.242967
S HOLD 0 3.508530 84.682861 -125.430008 6.799511 58.952123 -121.400392 6.661226 29.020347 -111.242967 0.000000 85.000000 -130.000000 -6.799511 58.952123 -121.400392 -6.661226 29.020347 -111.242967
S HOLD 0 3.508530 84.682861 -125.430008 6.799511 58.952123 -121.400392 6.661226 29.020347 -111.242967 0.000000 85.000000 -130.000000 -6.799511 58.952123 -121.400392 -6.661226 29.020347 -111.242967
S HOLD 0 3.508530 84.682861 -125.430008 6.799511 58.952123 -121.400392 6.661226 29.020347 -111.242967 0.000000 85.000000 -130.000000 -6.799511 58.952123 -121.400392 -6.661226 29.020347 -111.242967
S HOLD 0 3.508530 84.682861 -125.430008 6.799511 58.952123 -121.400392 6.661226 29.020347 -111.242967 0.000000 85.000000 -130.000000 -6.799511 58.952123 -121.400392 -6.661226 29.020347 -111.242967
S HOLD 0 3.508530 84.682861 -125.430008 6.799511 58.952123 -121.400392 6.661226 29.020347 -111.242967 0.000000 85.000000 -130.000000 -6.799511 58.952123 -121.400392 -6.661226 29.020347 -111.242967
S HOLD 0 3.508530 84.682861 -125.430008 6.799511 58.952123 -121.400392 6.661226 29.020347 -111.242967 0.000000 85.000000 -130.000000 -6.799511 58.952123 -121.400392 -6.661226 29.020347 -111.242967
S HOLD 0 3.508530 84.682861 -125.430008 6.799511 58.952123 -121.400392 6.661226 29.020347 -111.242967 0.000000 85.000000 -130.000000 -6.799511 58.952123 -121.400392 -6.661226 29.020347 -111.242967
S HOLD 0 3.508530 84.682861 -125.430008 6.799511 58.952123 -121.400392 6.661226 29.020347 -111.242967 0.000000 85.000000 -130.000000 -6.799511 58.952123 -121.400392 -6.661226 29.020347 -111.242967
S HOLD 0 3.508530 84.682861 -125.430008 6.799511 58.952123 -121.400392 6.661226 29.020347 -111.242967 0.000000 85.000000 -130.000000 -6.799511 58.952123 -121.400392 -6.661226 29.020347 -111.242967
S HOLD 0 3.508530 84.682861 -125.430008 6.799511 58.952123 -121.400392 6.661226 29.020347 -111.242967 0.000000 85.000000 -130.000000 -6.799511 58.952123 -121.400392 -6.661226 29.020347 -111.242967
S HOLD 0 3.508530 84.682861 -125.430008 6.799511 58.952123 -121.400392 6.661226 29.020347 -111.242967 0.000000 85.000000 -130.000000 -6.799511 58.952123 -121.400392 -6.661226 29.020347 -111.242967
S EXIT 0 3.500376 84.524513 -125.422992 6.775440 58.845186 -121.354686 6.629868 29.022666 -111.219242 -0.000000 84.804167 -129.913546 -6.775440 58.845186 -121.354686 -6.629868 29.022666 -111.219242
S EXIT 0 3.475731 84.046525 -125.398846 6.703191 58.524441 -121.216931 6.536154 29.029834 -111.148265 -0.000000 84.216670 -129.654186 -6.703191 58.524441 -121.216931 -6.536154 29.029834 -111.148265
S EXIT 0 3.434048 83.240198 -125.348282 6.582660 57.990115 -120.985233 6.381150 29.042490 -111.030634 -0.000000 83.237507 -129.221918 -6.582660 57.990115 -120.985233 -6.381150 29.042490 -111.030634
S EXIT 0 3.374407 82.091485 -125.255882 6.413674 57.242653 -120.656483 6.166619 29.061687 -110.867358 -0.000000 81.866678 -128.616743 -6.413674 57.242653 -120.656483 -6.166619 29.061687 -110.867358
S EXIT 0 3.295515 80.581715 -125.100206 6.196003 56.282829 -120.226431 5.894996 29.088887 -110.659870 -0.000000 80.104185 -127.838662 -6.196003 56.282829 -120.226431 -5.894996 29.088887 -110.659870
S EXIT 0 3.195687 78.688684 -124.854012 5.929362 55.111868 -119.689782 5.569348 29.125943 -110.410052 -0.000000 77.950026 -126.887673 -5.929362 55.111868 -119.689782 -5.569348 29.125943 -110.410052
S EXIT 0 3.072834 76.388169 -124.484617 5.613429 53.731605 -119.040316 5.193337 29.175089 -110.120264 -0.000000 75.404202 -125.763777 -5.613429 53.731605 -119.040316 -5.193337 29.175089 -110.120264
S EXIT 0 2.924446 73.655872 -123.954456 5.247852 52.144625 -118.271023 4.771166 29.238921 -109.793376 -0.000000 72.466713 -124.466973 -5.247852 52.144625 -118.271023 -4.771166 29.238921 -109.793376
S EXIT 0 2.747561 70.469736 -123.221869 4.832272 50.354409 -117.374248 4.307520 29.320387 -109.432813 -0.000000 69.137559 -122.997263 -4.832272 50.354409 -117.374248 -4.307520 29.320387 -109.432813
S EXIT 0 2.538738 66.812464 -122.242098 4.366336 48.365434 -116.341843 3.807506 29.422778 -109.042596 -0.000000 65.416739 -121.354646 -4.366336 48.365434 -116.341843 -3.807506 29.422778 -109.042596
S EXIT 0 2.294010 62.673929 -120.968435 3.849728 46.183232 -115.165305 3.276581 29.549723 -108.627396 -0.000000 61.304254 -119.539122 -3.849728 46.183232 -115.165305 -3.276581 29.549723 -108.627396
S EXIT 0 2.010438 58.078369 -119.362771 3.285274 43.827201 -113.843241 2.723438 29.704295 -108.194893 -0.000000 56.824583 -117.561497 -3.285274 43.827201 -113.843241 -2.723438 29.704295 -108.194893
S EXIT 0 1.720604 53.598468 -117.613802 2.740956 41.583372 -112.533722 2.215465 29.868851 -107.798925 -0.000000 52.516266 -115.659519 -2.740956 41.583372 -112.533722 -2.215465 29.868851 -107.798925
S EXIT 0 1.442211 49.493840 -115.857722 2.245082 39.563216 -111.312265 1.773487 30.031886 -107.456414 -0.000000 48.599614 -113.930448 -2.245082 39.563216 -111.312265 -1.773487 30.031886 -107.456414
S EXIT 0 1.179241 45.785945 -114.147644 1.798099 37.761593 -110.188662 1.391397 30.189517 -107.162702 -0.000000 45.074627 -112.374285 -1.798099 37.761593 -110.188662 -1.391397 30.189517 -107.162702
S EXIT 0 0.935403 42.486475 -112.528148 1.400337 36.173524 -109.171193 1.063933 30.338278 -106.913426 -0.000000 41.941305 -110.991028 -1.400337 36.173524 -109.171193 -1.063933 30.338278 -106.913426
S EXIT 0 0.714108 39.600834 -111.036532 1.052027 34.794383 -108.266843 0.786596 30.475108 -106.704577 -0.000000 39.199649 -109.780678 -1.052027 34.794383 -108.266843 -0.786596 30.475108 -106.704577
S EXIT 0 0.518429 37.130651 -109.703862 0.753325 33.620032 -107.481466 0.555579 30.597338 -106.532546 -0.000000 36.849657 -108.743236 -0.753325 33.620032 -107.481466 -0.555579 30.597338 -106.532546
S EXIT 0 0.351069 35.075503 -108.555765 0.504330 32.646884 -106.819904 0.367715 30.702684 -106.394170 -0.000000 34.891331 -107.878701 -0.504330 32.646884 -106.819904 -0.367715 30.702684 -106.394170
S EXIT 0 0.214337 33.434034 -107.613012 0.305100 31.871945 -106.286084 0.220428 30.789243 -106.286761 -0.000000 33.324671 -107.187072 -0.305100 31.871945 -106.286084 -0.220428 30.789243 -106.286761
S EXIT 0 0.110111 32.204653 -106.891901 0.155666 31.292822 -105.883080 0.111696 30.855495 -106.208139 -0.000000 32.149675 -106.668351 -0.155666 31.292822 -105.883080 -0.111696 30.855495 -106.208139
S EXIT 0 0.039822 31.385934 -106.404507 0.056040 30.907729 -105.613165 0.040027 30.900297 -106.156651 -0.000000 31.366344 -106.322537 -0.056040 30.907729 -105.613165 -0.040027 30.900297 -106.156651
S EXIT 0 0.004435 30.976845 -106.158820 0.006227 30.715478 -105.477835 0.004437 30.922888 -106.131186 -0.000000 30.974679 -106.149630 -0.006227 30.715478 -105.477835 -0.004437 30.922888 -106.131186
S IDLE 0 -0.000000 30.925721 -106.128016 -0.000000 30.691461 -105.460901 -0.000000 30.925721 -106.128016 -0.000000 30.925721 -106.128016 -0.000000 30.691461 -105.460901 -0.000000 30.925721 -106.128016
S IDLE 0 -0.000000 30.925721 -106.128016 -0.000000 30.691461 -105.460901 -0.000000 30.925721 -106.128016 -0.000000 30.925721 -106.128016 -0.000000 30.691461 -105.460901 -0.000000 30.925721 -106.128016
S IDLE 0 -0.000000 30.925721 -106.128016 -0.000000 30.691461 -105.460901 -0.000000 30.925721 -106.128016 -0.000000 30.925721 -106.128016 -0.000000 30.691461 -105.460901 -0.000000 30.925721 -106.128016
S IDLE 0 -0.000000 30.925721 -106.128016 -0.000000 30.691461 -105.460901 -0.000000 30.925721 -106.128016 -0.000000 30.925721 -106.128016 -0.000000 30.691461 -105.460901 -0.000000 30.925721 -106.128016
S IDLE 0 -0.000000 30.925721 -106.128016 -0.000000 30.691461 -105.460901 -0.000000 30.925721 -106.128016 -0.000000 30.925721 -106.128016 -0.000000 30.691461 -105.460901 -0.000000 30.925721 -106.128016
S IDLE 0 -0.000000 30.925721 -106.128016 -0.000000 30.691461 -105.460901 -0.000000 30.925721 -106.128016 -0.000000 30.925721 -106.128016 -0.000000 30.691461 -105.460901 -0.000000 30.925721 -106.128016
S IDLE 0 -0.000000 30.925721 -106.128016 -0.000000 30.691461 -105.460901 -0.000000 30.925721 -106.128016 -0.000000 30.925721 -106.128016 -0.000000 30.691461 -105.460901 -0.000000 30.925721 -106.128016
S IDLE 0 -0.000000 30.925721 -106.128016 -0.000000 30.691461 -105.460901 -0.000000 30.925721 -106.128016 -0.000000 30.925721 -106.128016 -0.000000 30.691461 -105.460901 -0.000000 30.925721 -106.128016
P 4 fx_params SPEED=2.0;REPEAT=2 0.021 0.050000 -0.030000 0.000000 8.000000 -6.000000 12.000000 15.000000 0.000000 0.000000 0.000000 0.000000 0.000000 0.000000 -10.000000 5.000000 0.000000 0.000000 0.000000 0.000000 0.000000 0.000000 -5.000000 5.000000 0.000000
S ENTRY 0 -9.030536 49.660307 -106.563766 -1.409114 44.573690 -108.018497 -1.056197 38.915403 -101.189421 -2.949404 51.944225 -124.562163 1.397737 41.184969 -118.503813 0.928731 34.530545 -111.872664
S ENTRY 0 -8.968502 51.623323 -107.728516 -1.394057 44.442826 -108.013928 -1.081925 40.254985 -102.090133 -2.915172 51.698624 -124.371783 1.382911 41.068207 -118.366358 0.926984 35.632416 -112.541301
S ENTRY 0 -8.848084 53.432947 -108.872351 -1.368968 44.223824 -108.005216 -1.097721 41.523561 -103.010338 -2.858267 51.290679 -124.054322 1.358200 40.873939 -118.137261 0.918591 36.677465 -113.140215
S ENTRY 0 -8.667681 55.058986 -109.988702 -1.333852 43.915352 -107.990716 -1.102372 42.700655 -103.942314 -2.778912 50.722432 -123.609527 1.323606 40.602658 -117.816506 0.903249 37.645721 -113.659260
S ENTRY 0 -8.425498 56.471074 -111.071172 -1.288721 43.515566 -107.968127 -1.094798 43.765748 -104.878614 -2.677415 49.996656 -123.037021 1.279128 40.255030 -117.404063 0.880663 38.518262 -114.089388
S ENTRY 0 -8.119575 57.638392 -112.112570 -1.233587 43.022136 -107.934501 -1.074093 44.698241 -105.811699 -2.554168 49.116776 -122.336281 1.224767 39.831878 -116.899873 0.850560 39.277646 -114.422706
S ENTRY 0 -7.747796 58.529291 -113.103834 -1.168464 42.432275 -107.886240 -1.039559 45.477395 -106.733513 -2.409646 48.086767 -121.506610 1.160519 39.334156 -116.303837 0.812696 39.908304 -114.652480
S ENTRY 0 -7.307898 59.110925 -114.032915 -1.093370 41.742775 -107.819109 -0.990737 46.082254 -107.635050 -2.244398 46.911042 -120.547104 1.086384 38.762919 -115.615797 0.766860 40.396892 -114.773125
S ENTRY 0 -6.797457 59.349017 -114.883728 -1.008324 40.950057 -107.728244 -0.927433 46.491610 -108.505940 -2.059048 45.594322 -119.456610 1.002356 38.119291 -114.835523 0.712879 40.732593 -114.780162
S ENTRY 0 -6.213865 59.207893 -115.635258 -0.913348 40.050222 -107.608163 -0.849743 46.684021 -109.334084 -1.854285 44.141507 -118.233677 0.908429 37.404427 -113.962685 0.650622 40.907347 -114.670180
S ENTRY 0 -5.554289 58.650988 -116.260960 -0.808464 39.039119 -107.452784 -0.758060 46.637954 -110.105383 -1.630865 42.557530 -116.876506 0.804592 36.619482 -112.996834 0.579995 40.916013 -114.440784
S ENTRY 0 -4.816206 57.642894 -116.728264 -0.693788 37.913314 -107.255609 -0.653174 46.332389 -110.803097 -1.389786 40.848554 -115.384065 0.690923 35.766237 -111.938207 0.501009 40.756639 -114.090875
S ENTRY 0 -4.073890 56.276514 -116.970111 -0.581025 36.786297 -107.034012 -0.546973 45.792721 -111.347646 -1.155949 39.189792 -113.907238 0.579008 34.931905 -110.894360 0.421872 40.452077 -113.658874
S ENTRY 0 -3.383645 54.640998 -116.957567 -0.478320 35.743125 -106.808351 -0.448279 45.049816 -111.691366 -0.945705 37.696333 -112.553591 0.476949 34.175669 -109.940904 0.348660 40.019877 -113.171073
S ENTRY 0 -2.749360 52.755283 -116.696284 -0.385644 34.788647 -106.585304 -0.358212 44.113470 -111.836617 -0.758207 36.361943 -111.324760 0.384751 33.496051 -109.078189 0.281784 39.464305 -112.627455
S ENTRY 0 -2.174539 50.645581 -116.194971 -0.302977 33.927018 -106.370851 -0.277678 42.998342 -111.788260 -0.592707 35.181530 -110.222418 0.302425 32.891853 -108.306616 0.221592 38.792143 -112.029493
S ENTRY 0 -1.662281 48.344710 -115.465853 -0.230298 33.161769 -106.170284 -0.207332 41.723694 -111.553882 -0.448554 34.150966 -109.248219 0.229978 32.362118 -107.626614 0.168363 38.012555 -111.380193
S ENTRY 0 -1.215273 45.891058 -114.524971 -0.167590 32.495862 -105.988226 -0.147560 40.312897 -111.143906 -0.325187 33.266931 -108.403750 0.167421 31.906087 -107.038614 0.122305 37.136891 -110.684133
S ENTRY 0 -0.835784 43.327279 -113.392310 -0.114841 31.931750 -105.828636 -0.098473 38.792753 -110.571599 -0.222128 32.526785 -107.690478 0.114762 31.523162 -106.543031 0.083559 36.178462 -109.947478
S ENTRY 0 -0.525664 40.698872 -112.091755 -0.072041 31.471420 -105.694828 -0.059915 37.192685 -109.852951 -0.138984 31.928467 -107.109714 0.072009 31.212886 -106.140245 0.052201 35.152274 -109.177975
S ENTRY 0 -0.286348 38.052806 -110.650883 -0.039179 31.116436 -105.589475 -0.031486 35.543871 -109.006458 -0.075437 31.470409 -106.662572 0.039170 30.974915 -105.830582 0.028243 34.074743 -108.384912
S ENTRY 0 -0.118852 35.436288 -109.100624 -0.016251 30.867966 -105.514624 -0.012577 33.878384 -108.052793 -0.031248 31.151468 -106.349939 0.016250 30.809001 -105.614307 0.011643 32.963382 -107.579038
S ENTRY 0 -0.023778 32.895770 -107.474792 -0.003252 30.726810 -105.471697 -0.002417 32.228393 -107.014407 -0.006249 30.970879 -106.172452 0.003252 30.714980 -105.491609 0.002314 31.836486 -106.772442
S PLAYING 0 -0.000000 30.925721 -106.128016 -0.000000 30.691461 -105.460901 -0.000000 30.925721 -106.128016 -0.000000 30.925721 -106.128016 -0.000000 30.691461 -105.460901 -0.000000 30.925721 -106.128016
S PLAYING 0 0.222841 31.918093 -105.892831 0.708056 30.899620 -104.876894 1.101079 30.042067 -105.222188 -0.275030 32.637004 -107.486936 0.012233 32.208929 -107.246233 0.612466 32.273937 -107.921794
S PLAYING 0 0.463425 32.895051 -105.663611 1.401361 31.113223 -104.326884 2.169048 29.169636 -104.331104 -0.522407 34.350296 -108.794928 0.027731 33.713958 -108.962530 1.217810 33.602470 -109.649830
S PLAYING 0 0.745657 33.875279 -105.482211 2.082670 31.356611 -103.869901 3.182089 28.323045 -103.498073 -0.716236 36.050577 -110.013796 0.046523 35.189177 -110.558109 1.788066 34.901259 -111.279106
S PLAYING 0 1.089452 34.878295 -105.386211 2.755945 31.653747 -103.558903 4.123677 27.515374 -102.762959 -0.834010 37.722506 -111.110088 0.068574 36.619145 -111.989250 2.297001 36.162701 -112.783826
S PLAYING 0 1.509805 35.922141 -105.405361 3.425904 32.025520 -103.436117 4.983142 26.756734 -102.158465 -0.858656 39.350948 -112.056694 0.093782 37.990450 -113.222344 2.722540 37.381532 -114.146292
S PLAYING 0 2.016171 37.021180 -105.558588 4.097538 32.487275 -103.529124 5.755806 26.052978 -101.706855 -0.780172 40.921659 -112.834130 0.121977 39.291843 -114.235523 3.048997 38.554608 -115.357251
S PLAYING 0 2.612048 38.184320 -105.852026 4.775639 33.046986 -103.848213 6.442816 25.404823 -101.417579 -0.596614 42.422246 -113.431618 0.152944 40.514654 -115.019833 3.268791 39.680756 -116.415885
S PLAYING 0 3.294773 39.413913 -106.278353 5.464337 33.704364 -104.385376 7.050790 24.807641 -101.286204 -0.314242 43.843416 -113.848013 0.186444 41.653660 -115.579982 3.383351 40.760797 -117.329624
S PLAYING 0 4.055513 40.705423 -106.817531 6.166651 34.450975 -105.115078 7.591321 24.251994 -101.294791 0.053192 45.180407 -114.092510 0.222254 42.708302 -115.934576 3.403086 41.797765 -118.113814
S PLAYING 0 4.879520 42.047834 -107.438812 6.884085 35.271295 -105.996641 8.080367 23.724874 -101.413684 0.485894 46.434379 -114.184948 0.260200 43.683997 -116.115695 3.346413 42.797256 -118.791216
S PLAYING 0 5.746725 43.424640 -108.103687 7.616271 36.144397 -106.977860 8.537463 23.211425 -101.604396 0.959997 47.613450 -114.155492 0.300190 44.593114 -116.167602 3.238047 43.767744 -119.391204
S PLAYING 0 6.632760 44.815236 -108.769347 8.360735 37.045961 -107.999327 8.984725 22.696827 -101.823133 1.449728 48.733068 -114.043439 0.342233 45.455227 -116.144467 3.106812 44.720683 -119.948485
S PLAYING 0 7.510439 46.196491 -109.392204 9.112829 37.950242 -108.998973 9.445558 22.167988 -102.024488 1.929505 49.815499 -113.895040 0.386447 46.296378 -116.107065 2.983303 45.670233 -120.501227
S PLAYING 0 8.351660 47.544361 -109.931089 9.865903 38.831758 -109.916383 9.943083 21.614740 -102.164830 2.375734 50.888366 -113.760359 0.433063 47.147334 -116.118607 2.897685 46.632490 -121.088584
S PLAYING 0 9.129617 48.835428 -110.349874 10.611762 39.666600 -110.696602 10.498335 21.030393 -102.205113 2.768202 51.982365 -113.689378 0.482408 48.041029 -116.240007 2.877789 47.624277 -121.747747
S PLAYING 0 9.821073 50.048305 -110.619390 11.341402 40.433388 -111.293295 11.128388 20.411603 -102.112954 3.091031 53.128426 -113.727734 0.534892 49.009546 -116.525029 2.947625 48.661601 -122.510818
S PLAYING 0 10.408450 51.164894 -110.718683 12.045970 41.114026 -111.671234 11.844654 19.757725 -101.864028 3.333254 54.354699 -113.912581 0.590981 50.081094 -117.015834 3.126254 49.758039 -123.401899
S PLAYING 0 10.881435 52.171495 -110.635706 12.717816 41.694439 -111.808127 12.651652 19.069898 -101.442905 3.489092 55.683752 -114.269080 0.651170 51.277372 -117.739425 3.426979 50.923306 -124.434785
S PLAYING 0 11.237903 53.059738 -110.367606 13.351460 42.165433 -111.695846 13.546493 18.350183 -100.843531 3.558027 57.130304 -114.807964 0.715948 52.611663 -118.705419 3.856735 52.162257 -125.611644
S PLAYING 0 11.484036 53.827343 -109.920726 13.944309 42.523672 -111.341045 14.519248 17.600995 -100.069496 3.544715 58.699725 -115.524484 0.785756 54.087805 -119.905363 4.415618 53.474459 -126.922862
S PLAYING 0 11.633649 54.478611 -109.310356 14.497007 42.772648 -110.765114 15.554166 16.825020 -99.134133 3.458781 60.387381 -116.398818 0.860944 55.700050 -121.313615 5.096548 54.854389 -128.348093
S PLAYING 0 11.706843 55.024578 -108.560212 15.013363 42.923384 -110.003373 16.631551 16.025575 -98.060399 3.314451 62.178770 -117.397814 0.941719 57.433655 -122.889578 5.885098 56.292150 -129.858361
S PLAYING 0 11.728192 55.482719 -107.701494 15.499930 42.994584 -109.103408 17.729960 15.207275 -96.880351 3.129974 64.050339 -118.477801 1.028093 59.265952 -124.580944 6.759648 57.774558 -131.418900
S PLAYING 0 11.799086 55.953010 -106.886414 15.992123 43.102613 -108.300848 18.779955 14.405720 -95.766731 2.992320 65.862948 -119.438826 1.117693 61.056601 -126.145382 7.593464 59.236765 -132.892444
S PLAYING 0 0.105543 31.401291 -106.017997 0.339124 30.791389 -105.182408 0.526887 30.504482 -105.697606 -0.132700 31.739443 -106.778917 0.005422 31.414447 -106.316152 0.290764 31.569450 -106.988055
S PLAYING 0 0.333645 32.384133 -105.780310 1.039906 30.999186 -104.607037 1.615219 29.624307 -104.793329 -0.397920 33.453517 -108.118575 0.019203 32.928271 -108.075456 0.903342 32.909702 -108.755049
S PLAYING 0 0.591300 33.360215 -105.568817 1.727071 31.223897 -104.094223 2.659447 28.762419 -103.924611 -0.622870 35.162517 -109.388642 0.036269 34.421157 -109.740283 1.495415 34.225175 -110.439759
S PLAYING 0 0.900648 34.348896 -105.423798 2.404002 31.490017 -103.700707 3.640171 27.932879 -103.133591 -0.783000 36.851211 -110.552956 0.056621 35.876630 -111.262434 2.039543 35.506980 -112.012456
S PLAYING 0 1.279357 35.369282 -105.379526 3.075082 31.820377 -103.474887 4.543615 27.147530 -102.457171 -0.858155 38.504283 -111.580909 0.080193 37.280208 -112.602770 2.511175 36.748652 -113.451128
S PLAYING 0 1.739848 36.437920 -105.460914 3.745217 32.233504 -103.452437 5.361966 26.414597 -101.923446 -0.834458 40.106923 -112.448877 0.106848 38.619481 -113.733100 2.891023 37.945964 -114.742081
S PLAYING 0 2.288777 37.566758 -105.680970 4.419363 32.741408 -103.652940 6.093353 25.737559 -101.548803 -0.705672 41.645630 -113.141396 0.136392 39.884349 -114.637584 3.167091 39.096721 -115.880094
S PLAYING 0 2.926724 38.761672 -106.039416 5.102053 33.348178 -104.077986 6.741584 25.114571 -101.336126 -0.473792 43.109315 -113.652170 0.168595 41.067650 -115.313709 3.336032 40.200682 -116.868309
S PLAYING 0 3.648073 40.021730 -106.522698 5.796942 34.049569 -104.711020 7.315712 24.538600 -101.274412 -0.148787 44.490659 -113.984910 0.203220 42.166214 -115.772809 3.403615 41.259684 -117.717975
S PLAYING 0 4.441124 41.339218 -107.105361 6.506377 34.833592 -105.518913 7.829496 23.998317 -101.339844 0.252495 45.787564 -114.153874 0.240065 43.182176 -116.040006 3.384235 42.277938 -118.448045
S PLAYING 0 5.288497 42.700354 -107.752551 7.231007 35.681912 -106.454990 8.300706 23.479600 -101.498149 0.708056 47.004405 -114.183905 0.278990 44.124178 -116.153401 3.299557 43.262376 -119.084556
S PLAYING 0 6.167921 44.086489 -108.423267 7.969482 36.571732 -107.463052 8.750249 22.967382 -101.707852 1.192851 48.152798 -114.109726 0.319950 45.008045 -116.162324 3.176543 44.222901 -119.659615
S PLAYING 0 7.053473 45.475615 -109.073901 8.718289 37.477820 -108.481864 9.201032 22.447477 -101.923939 1.680948 49.251557 -113.974280 0.363005 45.856586 -116.124560 3.045149 45.172318 -120.209850
S PLAYING 0 7.917270 46.843967 -109.661649 9.471788 38.374368 -109.449632 9.676537 21.908073 -102.101458 2.147512 50.325738 -113.826078 0.408328 46.698369 -116.102608 2.936025 46.125834 -120.774240
S PLAYING 0 8.731542 48.167616 -110.147460 10.222518 39.236504 -110.308104 10.199128 21.340636 -102.198654 2.570413 51.404755 -113.715662 0.456197 47.565549 -116.159194 2.878436 47.100067 -121.391391
S PLAYING 0 9.470903 49.423942 -110.498320 10.961792 40.041421 -111.006077 10.788182 20.740119 -102.179439 2.931408 52.519789 -113.691483 0.506981 48.491041 -116.352420 2.898557 48.111654 -122.096459
S PLAYING 0 10.114574 50.592979 -110.688854 11.680548 40.769213 -111.502237 11.458267 20.104569 -102.015131 3.216906 53.700818 -113.795628 0.561121 49.505448 -116.731037 3.018159 49.175642 -122.918070
S PLAYING 0 10.648275 51.658594 -110.702293 12.370375 41.403603 -111.767324 12.217628 19.434308 -101.685563 3.418391 54.973656 -114.059920 0.619101 50.634167 -117.330357 3.253649 50.303925 -123.875652
S PLAYING 0 11.065524 52.609519 -110.530951 13.024549 41.932722 -111.785676 13.067267 18.731010 -101.179726 3.532590 56.357373 -114.502873 0.681416 51.895075 -118.169290 3.615362 51.503996 -124.977560
S PLAYING 0 11.368188 53.440204 -110.176369 13.638895 42.350041 -111.556166 14.000843 17.996946 -100.496136 3.561467 57.862373 -115.127889 0.748539 53.297030 -119.248836 4.107029 52.778206 -126.220295
S PLAYING 0 11.566212 54.151460 -109.649196 14.212343 42.655364 -111.092513 15.005455 17.234642 -99.643018 3.512080 59.489292 -115.922903 0.820872 54.839273 -120.552156 4.725363 54.123639 -127.588932
S PLAYING 0 11.676607 54.750799 -108.968822 14.747079 42.855708 -110.422894 16.063212 16.447014 -98.638323 3.396302 61.228734 -116.861455 0.898706 56.511663 -122.046137 5.459789 55.532572 -129.058698
S PLAYING 0 11.721851 55.252395 -108.162675 15.248288 42.965779 -109.588732 17.153306 15.637909 -97.509441 3.230360 63.061751 -117.904985 0.982160 58.295528 -123.684154 6.292413 56.993393 -130.597476
S PLAYING 0 11.727929 55.676528 -107.265037 15.723599 43.007779 -108.642602 18.254233 14.812802 -96.292411 3.034138 64.960926 -119.006000 1.071135 60.164886 -125.409653 7.198369 58.491785 -132.168859
S PLAYING 0 11.980586 56.318603 -106.716678 16.276731 43.329426 -108.268631 19.180297 14.081671 -95.495663 3.058730 66.510972 -119.590754 1.157496 61.695320 -126.524256 7.800220 59.838253 -133.389443
S EXIT 0 11.998638 56.354800 -106.699289 16.305108 43.352020 -108.265200 19.220377 14.049293 -95.468417 3.065388 66.575609 -119.605687 1.161515 61.759291 -126.562087 7.821032 59.898543 -133.439092
S EXIT 0 11.902340 57.191969 -107.109001 16.253537 43.310955 -108.271406 19.147560 14.108127 -95.517903 3.053293 66.458144 -119.578520 1.154219 61.643071 -126.493342 7.783237 59.789017 -133.348874
S EXIT 0 11.742208 57.883473 -107.571368 16.098524 43.187448 -108.289269 18.929276 14.284721 -95.665858 3.017070 66.105157 -119.496082 1.132467 61.294775 -126.286907 7.670342 59.460957 -133.078044
S EXIT 0 11.519295 58.417736 -108.085073 15.839173 42.980583 -108.316531 18.566031 14.579348 -95.910771 2.956903 65.514898 -119.355576 1.096675 60.715493 -125.942182 7.483816 58.915884 -132.626064
S EXIT 0 11.233808 58.780604 -108.645779 15.474004 42.688889 -108.349453 18.058693 14.992443 -96.250129 2.873096 64.684542 -119.152359 1.047532 59.907006 -125.458148 7.226083 58.156245 -131.992010
S EXIT 0 10.885015 58.955059 -109.245645 15.000963 42.310428 -108.382847 17.408519 15.524588 -96.680418 2.766068 63.610332 -118.879977 0.986001 58.871739 -124.833351 6.900488 57.185279 -131.174521
S EXIT 0 10.471147 58.920973 -109.872832 14.417459 41.842922 -108.410128 16.617202 16.176470 -97.197128 2.636350 62.287775 -118.530216 0.913316 57.612698 -124.065869 6.511255 56.006844 -130.171738
S EXIT 0 9.989285 58.654988 -110.511039 13.720392 41.283905 -108.423383 15.686916 16.948826 -97.794755 2.484574 60.711889 -118.093166 0.830979 56.133383 -123.153272 6.063424 54.625210 -128.981229
S EXIT 0 9.435243 58.130572 -111.139106 12.906217 40.630922 -108.413455 14.620374 17.842370 -98.466791 2.311467 58.877498 -117.557312 0.740758 54.437690 -122.092573 5.562784 53.044833 -127.599889
S EXIT 0 8.803445 57.318360 -111.730730 11.971014 39.881755 -108.370049 13.420880 18.857689 -99.205722 2.117843 56.779570 -116.909645 0.644686 52.529800 -120.880170 5.015795 51.270106 -126.023836
S EXIT 0 8.086792 56.186860 -112.254350 10.910595 39.034676 -108.281863 12.092377 19.995104 -100.003002 1.904586 54.413563 -116.135790 0.545053 50.414051 -119.511770 4.429502 49.305106 -124.248272
S EXIT 0 7.276516 54.703648 -112.673288 9.720637 38.088720 -108.136733 10.639488 21.254505 -100.849032 1.672646 51.775789 -115.220156 0.444413 48.094797 -117.982303 3.811445 47.153340 -122.267336
S EXIT 0 6.362774 52.838690 -112.946064 8.397909 37.044790 -107.921995 9.068772 22.634043 -101.732440 1.423215 48.866039 -114.146960 0.345649 45.578234 -116.287166 3.170058 44.819315 -120.075644
S EXIT 0 5.431983 50.774165 -113.022646 7.076472 36.011582 -107.655167 7.543175 23.991443 -102.558376 1.182071 45.983052 -113.019642 0.260022 43.121770 -114.596078 2.573425 42.539960 -117.892505
S EXIT 0 4.554180 48.667685 -112.902708 5.856164 35.067329 -107.365342 6.170502 25.226984 -103.273470 0.965894 43.341851 -111.931872 0.191954 40.898717 -113.034038 2.058583 40.474754 -115.878316
S EXIT 0 3.735747 46.544125 -112.608499 4.742351 34.214566 -107.066491 4.946039 26.339946 -103.888053 0.773584 40.948483 -110.901286 0.138662 38.903514 -111.606046 1.616812 38.618138 -114.038497
S EXIT 0 2.982975 44.428517 -112.162664 3.739440 33.454605 -106.770720 3.865349 27.330238 -104.411528 0.604194 38.807083 -109.943317 0.097641 37.131656 -110.316925 1.240579 36.966132 -112.378506
S EXIT 0 2.302016 42.345866 -111.588305 2.850976 32.787877 -106.488426 2.924358 28.198258 -104.852351 0.456909 36.920390 -109.071359 0.066660 35.579532 -109.171241 0.923417 35.515981 -110.903694
S EXIT 0 1.698835 40.320960 -110.908984 2.079749 32.214222 -106.228442 2.119409 28.944747 -105.218014 0.331042 35.290154 -108.296923 0.043758 34.244288 -108.173225 0.659828 34.265865 -109.619173
S EXIT 0 1.179131 38.378231 -110.148663 1.427909 31.733129 -105.998157 1.447307 29.570645 -105.515024 0.226017 33.917443 -107.629750 0.027244 33.123703 -107.326705 0.445207 33.214659 -108.529676
S EXIT 0 0.748254 36.541645 -109.331589 0.897070 31.343913 -105.803627 0.905341 30.076968 -105.748885 0.141362 32.802870 -107.077914 0.015694 32.216083 -106.635030 0.275774 32.361734 -107.639433
S EXIT 0 0.411104 34.834632 -108.482118 0.488407 31.045860 -105.649658 0.491298 30.464692 -105.924086 0.076706 31.946764 -106.647888 0.007952 31.520171 -106.101013 0.148524 31.706794 -106.952055
S EXIT 0 0.172024 33.280041 -107.624473 0.202738 30.838332 -105.539878 0.203477 30.734658 -106.044082 0.031767 31.349283 -106.344600 0.003129 31.035077 -105.726871 0.061188 31.249741 -106.470424
S EXIT 0 0.034678 31.900097 -106.782440 0.040591 30.720839 -105.476784 0.040687 30.887503 -106.111293 0.006352 31.010493 -106.171468 0.000607 30.760214 -105.514182 0.012198 30.990572 -106.196611
S IDLE 0 -0.000000 30.925721 -106.128016 -0.000000 30.691461 -105.460901 -0.000000 30.925721 -106.128016 -0.000000 30.925721 -106.128016 -0.000000 30.691461 -105.460901 -0.000000 30.925721 -106.128016
S IDLE 0 -0.000000 30.925721 -106.128016 -0.000000 30.691461 -105.460901 -0.000000 30.925721 -106.128016 -0.000000 30.925721 -106.128016 -0.000000 30.691461 -105.460901 -0.000000 30.925721 -106.128016
S IDLE 0 -0.000000 30.925721 -106.128016 -0.000000 30.691461 -105.460901 -0.000000 30.925721 -106.128016 -0.000000 30.925721 -106.128016 -0.000000 30.691461 -105.460901 -0.000000 30.925721 -106.128016
S IDLE 0 -0.000000 30.925721 -106.128016 -0.000000 30.691461 -105.460901 -0.000000 30.925721 -106.128016 -0.000000 30.925721 -106.128016 -0.000000 30.691461 -105.460901 -0.000000 30.925721 -106.128016
S IDLE 0 -0.000000 30.925721 -106.128016 -0.000000 30.691461 -105.460901 -0.000000 30.925721 -106.128016 -0.000000 30.925721 -106.128016 -0.000000 30.691461 -105.460901 -0.000000 30.925721 -106.128016
S IDLE 0 -0.000000 30.925721 -106.128016 -0.000000 30.691461 -105.460901 -0.000000 30.925721 -106.128016 -0.000000 30.925721 -106.128016 -0.000000 30.691461 -105.460901 -0.000000 30.925721 -106.128016
S IDLE 0 -0.000000 30.925721 -106.128016 -0.000000 30.691461 -105.460901 -0.000000 30.925721 -106.128016 -0.000000 30.925721 -106.128016 -0.000000 30.691461 -105.460901 -0.000000 30.925721 -106.128016
S IDLE 0 -0.000000 30.925721 -106.128016 -0.000000 30.691461 -105.460901 -0.000000 30.925721 -106.128016 -0.000000 30.925721 -106.128016 -0.000000 30.691461 -105.460901 -0.000000 30.925721 -106.128016
P 5 fx_params REPEAT=2.5;SPEED=2.0 0.021 0.050000 -0.030000 0.000000 8.000000 -6.000000 12.000000 15.000000 0.000000 0.000000 0.000000 0.000000 0.000000 0.000000 -10.000000 5.000000 0.000000 0.000000 0.000000 0.000000 0.000000 0.000000 -5.000000 5.000000 0.000000
S ENTRY 0 -9.030536 49.660307 -106.563766 -1.409114 44.573690 -108.018497 -1.056197 38.915403 -101.189421 -2.949404 51.944225 -124.562163 1.397737 41.184969 -118.503813 0.928731 34.530545 -111.872664
S ENTRY 0 -8.968502 51.623323 -107.728516 -1.394057 44.442826 -108.013928 -1.081925 40.254985 -102.090133 -2.915172 51.698624 -124.371783 1.382911 41.068207 -118.366358 0.926984 35.632416 -112.541301
S ENTRY 0 -8.848084 53.432947 -108.872351 -1.368968 44.223824 -108.005216 -1.097721 41.523561 -103.010338 -2.858267 51.290679 -124.054322 1.358200 40.873939 -118.137261 0.918591 36.677465 -113.140215
S ENTRY 0 -8.667681 55.058986 -109.988702 -1.333852 43.915352 -107.990716 -1.102372 42.700655 -103.942314 -2.778912 50.722432 -123.609527 1.323606 40.602658 -117.816506 0.903249 37.645721 -113.659260
S ENTRY 0 -8.425498 56.471074 -111.071172 -1.288721 43.515566 -107.968127 -1.094798 43.765748 -104.878614 -2.677415 49.996656 -123.037021 1.279128 40.255030 -117.404063 0.880663 38.518262 -114.089388
S ENTRY 0 -8.119575 57.638392 -112.112570 -1.233587 43.022136 -107.934501 -1.074093 44.698241 -105.811699 -2.554168 49.116776 -122.336281 1.224767 39.831878 -116.899873 0.850560 39.277646 -114.422706
S ENTRY 0 -7.747796 58.529291 -113.103834 -1.168464 42.432275 -107.886240 -1.039559 45.477395 -106.733513 -2.409646 48.086767 -121.506610 1.160519 39.334156 -116.303837 0.812696 39.908304 -114.652480
S ENTRY 0 -7.307898 59.110925 -114.032915 -1.093370 41.742775 -107.819109 -0.990737 46.082254 -107.635050 -2.244398 46.911042 -120.547104 1.086384 38.762919 -115.615797 0.766860 40.396892 -114.773125
S ENTRY 0 -6.797457 59.349017 -114.883728 -1.008324 40.950057 -107.728244 -0.927433 46.491610 -108.505940 -2.059048 45.594322 -119.456610 1.002356 38.119291 -114.835523 0.712879 40.732593 -114.780162
S ENTRY 0 -6.213865 59.207893 -115.635258 -0.913348 40.050222 -107.608163 -0.849743 46.684021 -109.334084 -1.854285 44.141507 -118.233677 0.908429 37.404427 -113.962685 0.650622 40.907347 -114.670180
S ENTRY 0 -5.554289 58.650988 -116.260960 -0.808464 39.039119 -107.452784 -0.758060 46.637954 -110.105383 -1.630865 42.557530 -116.876506 0.804592 36.619482 -112.996834 0.579995 40.916013 -114.440784
S ENTRY 0 -4.816206 57.642894 -116.728264 -0.693788 37.913314 -107.255609 -0.653174 46.332389 -110.803097 -1.389786 40.848554 -115.384065 0.690923 35.766237 -111.938207 0.501009 40.756639 -114.090875
S ENTRY 0 -4.073890 56.276514 -116.970111 -0.581025 36.786297 -107.034012 -0.546973 45.792721 -111.347646 -1.155949 39.189792 -113.907238 0.579008 34.931905 -110.894360 0.421872 40.452077 -113.658874
S ENTRY 0 -3.383645 54.640998 -116.957567 -0.478320 35.743125 -106.808351 -0.448279 45.049816 -111.691366 -0.945705 37.696333 -112.553591 0.476949 34.175669 -109.940904 0.348660 40.019877 -113.171073
S ENTRY 0 -2.749360 52.755283 -116.696284 -0.385644 34.788647 -106.585304 -0.358212 44.113470 -111.836617 -0.758207 36.361943 -111.324760 0.384751 33.496051 -109.078189 0.281784 39.464305 -112.627455
S ENTRY 0 -2.174539 50.645581 -116.194971 -0.302977 33.927018 -106.370851 -0.277678 42.998342 -111.788260 -0.592707 35.181530 -110.222418 0.302425 32.891853 -108.306616 0.221592 38.792143 -112.029493
S ENTRY 0 -1.662281 48.344710 -115.465853 -0.230298 33.161769 -106.170284 -0.207332 41.723694 -111.553882 -0.448554 34.150966 -109.248219 0.229978 32.362118 -107.626614 0.168363 38.012555 -111.380193
S ENTRY 0 -1.215273 45.891058 -114.524971 -0.167590 32.495862 -105.988226 -0.147560 40.312897 -111.143906 -0.325187 33.266931 -108.403750 0.167421 31.906087 -107.038614 0.122305 37.136891 -110.684133
S ENTRY 0 -0.835784 43.327279 -113.392310 -0.114841 31.931750 -105.828636 -0.098473 38.792753 -110.571599 -0.222128 32.526785 -107.690478 0.114762 31.523162 -106.543031 0.083559 36.178462 -109.947478
S ENTRY 0 -0.525664 40.698872 -112.091755 -0.072041 31.471420 -105.694828 -0.059915 37.192685 -109.852951 -0.138984 31.928467 -107.109714 0.072009 31.212886 -106.140245 0.052201 35.152274 -109.177975
S ENTRY 0 -0.286348 38.052806 -110.650883 -0.039179 31.116436 -105.589475 -0.031486 35.543871 -109.006458 -0.075437 31.470409 -106.662572 0.039170 30.974915 -105.830582 0.028243 34.074743 -108.384912
S ENTRY 0 -0.118852 35.436288 -109.100624 -0.016251 30.867966 -105.514624 -0.012577 33.878384 -108.052793 -0.031248 31.151468 -106.349939 0.016250 30.809001 -105.614307 0.011643 32.963382 -107.579038
S ENTRY 0 -0.023778 32.895770 -107.474792 -0.003252 30.726810 -105.471697 -0.002417 32.228393 -107.014407 -0.006249 30.970879 -106.172452 0.003252 30.714980 -105.491609 0.002314 31.836486 -106.772442
S PLAYING 0 -0.000000 30.925721 -106.128016 -0.000000 30.691461 -105.460901 -0.000000 30.925721 -106.128016 -0.000000 30.925721 -106.128016 -0.000000 30.691461 -105.460901 -0.000000 30.925721 -106.128016
S PLAYING 0 0.222841 31.918093 -105.892831 0.708056 30.899620 -104.876894 1.101079 30.042067 -105.222188 -0.275030 32.637004 -107.486936 0.012233 32.208929 -107.246233 0.612466 32.273937 -107.921794
S PLAYING 0 0.463425 32.895051 -105.663611 1.401361 31.113223 -104.326884 2.169048 29.169636 -104.331104 -0.522407 34.350296 -108.794928 0.027731 33.713958 -108.962530 1.217810 33.602470 -109.649830
S PLAYING 0 0.745657 33.875279 -105.482211 2.082670 31.356611 -103.869901 3.182089 28.323045 -103.498073 -0.716236 36.050577 -110.013796 0.046523 35.189177 -110.558109 1.788066 34.901259 -111.279106
S PLAYING 0 1.089452 34.878295 -105.386211 2.755945 31.653747 -103.558903 4.123677 27.515374 -102.762959 -0.834010 37.722506 -111.110088 0.068574 36.619145 -111.989250 2.297001 36.162701 -112.783826
S PLAYING 0 1.509805 35.922141 -105.405361 3.425904 32.025520 -103.436117 4.983142 26.756734 -102.158465 -0.858656 39.350948 -112.056694 0.093782 37.990450 -113.222344 2.722540 37.381532 -114.146292
S PLAYING 0 2.016171 37.021180 -105.558588 4.097538 32.487275 -103.529124 5.755806 26.052978 -101.706855 -0.780172 40.921659 -112.834130 0.121977 39.291843 -114.235523 3.048997 38.554608 -115.357251
S PLAYING 0 2.612048 38.184320 -105.852026 4.775639 33.046986 -103.848213 6.442816 25.404823 -101.417579 -0.596614 42.422246 -113.431618 0.152944 40.514654 -115.019833 3.268791 39.680756 -116.415885
S PLAYING 0 3.294773 39.413913 -106.278353 5.464337 33.704364 -104.385376 7.050790 24.807641 -101.286204 -0.314242 43.843416 -113.848013 0.186444 41.653660 -115.579982 3.383351 40.760797 -117.329624
S PLAYING 0 4.055513 40.705423 -106.817531 6.166651 34.450975 -105.115078 7.591321 24.251994 -101.294791 0.053192 45.180407 -114.092510 0.222254 42.708302 -115.934576 3.403086 41.797765 -118.113814
S PLAYING 0 4.879520 42.047834 -107.438812 6.884085 35.271295 -105.996641 8.080367 23.724874 -101.413684 0.485894 46.434379 -114.184948 0.260200 43.683997 -116.115695 3.346413 42.797256 -118.791216
S PLAYING 0 5.746725 43.424640 -108.103687 7.616271 36.144397 -106.977860 8.537463 23.211425 -101.604396 0.959997 47.613450 -114.155492 0.300190 44.593114 -116.167602 3.238047 43.767744 -119.391204
S PLAYING 0 6.632760 44.815236 -108.769347 8.360735 37.045961 -107.999327 8.984725 22.696827 -101.823133 1.449728 48.733068 -114.043439 0.342233 45.455227 -116.144467 3.106812 44.720683 -119.948485
S PLAYING 0 7.510439 46.196491 -109.392204 9.112829 37.950242 -108.998973 9.445558 22.167988 -102.024488 1.929505 49.815499 -113.895040 0.386447 46.296378 -116.107065 2.983303 45.670233 -120.501227
S PLAYING 0 8.351660 47.544361 -109.931089 9.865903 38.831758 -109.916383 9.943083 21.614740 -102.164830 2.375734 50.888366 -113.760359 0.433063 47.147334 -116.118607 2.897685 46.632490 -121.088584
S PLAYING 0 9.129617 48.835428 -110.349874 10.611762 39.666600 -110.696602 10.498335 21.030393 -102.205113 2.768202 51.982365 -113.689378 0.482408 48.041029 -116.240007 2.877789 47.624277 -121.747747
S PLAYING 0 9.821073 50.048305 -110.619390 11.341402 40.433388 -111.293295 11.128388 20.411603 -102.112954 3.091031 53.128426 -113.727734 0.534892 49.009546 -116.525029 2.947625 48.661601 -122.510818
S PLAYING 0 10.408450 51.164894 -110.718683 12.045970 41.114026 -111.671234 11.844654 19.757725 -101.864028 3.333254 54.354699 -113.912581 0.590981 50.081094 -117.015834 3.126254 49.758039 -123.401899
S PLAYING 0 10.881435 52.171495 -110.635706 12.717816 41.694439 -111.808127 12.651652 19.069898 -101.442905 3.489092 55.683752 -114.269080 0.651170 51.277372 -117.739425 3.426979 50.923306 -124.434785
S PLAYING 0 11.237903 53.059738 -110.367606 13.351460 42.165433 -111.695846 13.546493 18.350183 -100.843531 3.558027 57.130304 -114.807964 0.715948 52.611663 -118.705419 3.856735 52.162257 -125.611644
S PLAYING 0 11.484036 53.827343 -109.920726 13.944309 42.523672 -111.341045 14.519248 17.600995 -100.069496 3.544715 58.699725 -115.524484 0.785756 54.087805 -119.905363 4.415618 53.474459 -126.922862
S PLAYING 0 11.633649 54.478611 -109.310356 14.497007 42.772648 -110.765114 15.554166 16.825020 -99.134133 3.458781 60.387381 -116.398818 0.860944 55.700050 -121.313615 5.096548 54.854389 -128.348093
S PLAYING 0 11.706843 55.024578 -108.560212 15.013363 42.923384 -110.003373 16.631551 16.025575 -98.060399 3.314451 62.178770 -117.397814 0.941719 57.433655 -122.889578 5.885098 56.292150 -129.858361
S PLAYING 0 11.728192 55.482719 -107.701494 15.499930 42.994584 -109.103408 17.729960 15.207275 -96.880351 3.129974 64.050339 -118.477801 1.028093 59.265952 -124.580944 6.759648 57.774558 -131.418900
S PLAYING 0 11.799086 55.953010 -106.886414 15.992123 43.102613 -108.300848 18.779955 14.405720 -95.766731 2.992320 65.862948 -119.438826 1.117693 61.056601 -126.145382 7.593464 59.236765 -132.892444
S PLAYING 0 0.105543 31.401291 -106.017997 0.339124 30.791389 -105.182408 0.526887 30.504482 -105.697606 -0.132700 31.739443 -106.778917 0.005422 31.414447 -106.316152 0.290764 31.569450 -106.988055
S PLAYING 0 0.333645 32.384133 -105.780310 1.039906 30.999186 -104.607037 1.615219 29.624307 -104.793329 -0.397920 33.453517 -108.118575 0.019203 32.928271 -108.075456 0.903342 32.909702 -108.755049
S PLAYING 0 0.591300 33.360215 -105.568817 1.727071 31.223897 -104.094223 2.659447 28.762419 -103.924611 -0.622870 35.162517 -109.388642 0.036269 34.421157 -109.740283 1.495415 34.225175 -110.439759
S PLAYING 0 0.900648 34.348896 -105.423798 2.404002 31.490017 -103.700707 3.640171 27.932879 -103.133591 -0.783000 36.851211 -110.552956 0.056621 35.876630 -111.262434 2.039543 35.506980 -112.012456
S PLAYING 0 1.279357 35.369282 -105.379526 3.075082 31.820377 -103.474887 4.543615 27.147530 -102.457171 -0.858155 38.504283 -111.580909 0.080193 37.280208 -112.602770 2.511175 36.748652 -113.451128
S PLAYING 0 1.739848 36.437920 -105.460914 3.745217 32.233504 -103.452437 5.361966 26.414597 -101.923446 -0.834458 40.106923 -112.448877 0.106848 38.619481 -113.733100 2.891023 37.945964 -114.742081
S PLAYING 0 2.288777 37.566758 -105.680970 4.419363 32.741408 -103.652940 6.093353 25.737559 -101.548803 -0.705672 41.645630 -113.141396 0.136392 39.884349 -114.637584 3.167091 39.096721 -115.880094
S PLAYING 0 2.926724 38.761672 -106.039416 5.102053 33.348178 -104.077986 6.741584 25.114571 -101.336126 -0.473792 43.109315 -113.652170 0.168595 41.067650 -115.313709 3.336032 40.200682 -116.868309
S PLAYING 0 3.648073 40.021730 -106.522698 5.796942 34.049569 -104.711020 7.315712 24.538600 -101.274412 -0.148787 44.490659 -113.984910 0.203220 42.166214 -115.772809 3.403615 41.259684 -117.717975
S PLAYING 0 4.441124 41.339218 -107.105361 6.506377 34.833592 -105.518913 7.829496 23.998317 -101.339844 0.252495 45.787564 -114.153874 0.240065 43.182176 -116.040006 3.384235 42.277938 -118.448045
S PLAYING 0 5.288497 42.700354 -107.752551 7.231007 35.681912 -106.454990 8.300706 23.479600 -101.498149 0.708056 47.004405 -114.183905 0.278990 44.124178 -116.153401 3.299557 43.262376 -119.084556
S PLAYING 0 6.167921 44.086489 -108.423267 7.969482 36.571732 -107.463052 8.750249 22.967382 -101.707852 1.192851 48.152798 -114.109726 0.319950 45.008045 -116.162324 3.176543 44.222901 -119.659615
S PLAYING 0 7.053473 45.475615 -109.073901 8.718289 37.477820 -108.481864 9.201032 22.447477 -101.923939 1.680948 49.251557 -113.974280 0.363005 45.856586 -116.124560 3.045149 45.172318 -120.209850
S PLAYING 0 7.917270 46.843967 -109.661649 9.471788 38.374368 -109.449632 9.676537 21.908073 -102.101458 2.147512 50.325738 -113.826078 0.408328 46.698369 -116.102608 2.936025 46.125834 -120.774240
S PLAYING 0 8.731542 48.167616 -110.147460 10.222518 39.236504 -110.308104 10.199128 21.340636 -102.198654 2.570413 51.404755 -113.715662 0.456197 47.565549 -116.159194 2.878436 47.100067 -121.391391
S PLAYING 0 9.470903 49.423942 -110.498320 10.961792 40.041421 -111.006077 10.788182 20.740119 -102.179439 2.931408 52.519789 -113.691483 0.506981 48.491041 -116.352420 2.898557 48.111654 -122.096459
S PLAYING 0 10.114574 50.592979 -110.688854 11.680548 40.769213 -111.502237 11.458267 20.104569 -102.015131 3.216906 53.700818 -113.795628 0.561121 49.505448 -116.731037 3.018159 49.175642 -122.918070
S PLAYING 0 10.648275 51.658594 -110.702293 12.370375 41.403603 -111.767324 12.217628 19.434308 -101.685563 3.418391 54.973656 -114.059920 0.619101 50.634167 -117.330357 3.253649 50.303925 -123.875652
S PLAYING 0 11.065524 52.609519 -110.530951 13.024549 41.932722 -111.785676 13.067267 18.731010 -101.179726 3.532590 56.357373 -114.502873 0.681416 51.895075 -118.169290 3.615362 51.503996 -124.977560
S PLAYING 0 11.368188 53.440204 -110.176369 13.638895 42.350041 -111.556166 14.000843 17.996946 -100.496136 3.561467 57.862373 -115.127889 0.748539 53.297030 -119.248836 4.107029 52.778206 -126.220295
S PLAYING 0 11.566212 54.151460 -109.649196 14.212343 42.655364 -111.092513 15.005455 17.234642 -99.643018 3.512080 59.489292 -115.922903 0.820872 54.839273 -120.552156 4.725363 54.123639 -127.588932
S PLAYING 0 11.676607 54.750799 -108.968822 14.747079 42.855708 -110.422894 16.063212 16.447014 -98.638323 3.396302 61.228734 -116.861455 0.898706 56.511663 -122.046137 5.459789 55.532572 -129.058698
S PLAYING 0 11.721851 55.252395 -108.162675 15.248288 42.965779 -109.588732 17.153306 15.637909 -97.509441 3.230360 63.061751 -117.904985 0.982160 58.295528 -123.684154 6.292413 56.993393 -130.597476
S PLAYING 0 11.727929 55.676528 -107.265037 15.723599 43.007779 -108.642602 18.254233 14.812802 -96.292411 3.034138 64.960926 -119.006000 1.071135 60.164886 -125.409653 7.198369 58.491785 -132.168859
S PLAYING 0 11.980586 56.318603 -106.716678 16.276731 43.329426 -108.268631 19.180297 14.081671 -95.495663 3.058730 66.510972 -119.590754 1.157496 61.695320 -126.524256 7.800220 59.838253 -133.389443
S PLAYING 0 0.212030 31.871327 -105.904234 0.674690 30.889772 -104.904413 1.049207 30.084009 -105.265335 -0.262347 32.555355 -107.423065 0.011577 32.136808 -107.162350 0.583240 32.210095 -107.837582
S PLAYING 0 0.451200 32.848611 -105.673763 1.368647 31.102572 -104.351416 2.119286 29.210706 -104.372555 -0.511646 34.268888 -108.734379 0.026919 33.642838 -108.883158 1.189562 33.539813 -109.569549
S PLAYING 0 0.730962 33.828239 -105.489185 2.050445 31.343985 -103.888736 3.135362 28.362570 -103.535814 -0.708570 35.970135 -109.958293 0.045553 35.119842 -110.485550 1.762106 34.840210 -111.204174
S PLAYING 0 1.071443 34.829739 -105.388369 2.724000 31.638053 -103.569727 4.080642 27.552787 -102.795225 -0.830404 37.643761 -111.061092 0.067451 36.552285 -111.925370 2.274504 36.103567 -112.715292
S PLAYING 0 1.487891 35.871279 -105.401511 3.394004 32.005872 -103.437225 4.944170 26.791642 -102.183913 -0.859772 39.274607 -112.015332 0.092512 37.926657 -113.168489 2.704428 37.324515 -114.084810
S PLAYING 0 1.990033 36.967439 -105.548109 4.065446 32.463097 -103.519580 5.720986 26.085213 -101.724700 -0.786309 40.848367 -112.801141 0.120570 39.231598 -114.192448 3.035845 38.499811 -115.303067
S PLAYING 0 2.581659 38.127419 -105.834930 4.743138 33.018085 -103.827941 6.411967 25.434474 -101.427684 -0.607676 42.352534 -113.407303 0.151410 40.458302 -114.987660 3.260758 39.628192 -116.368851
S PLAYING 0 3.260401 39.353896 -106.255289 5.431252 33.670941 -104.355166 7.023479 24.835045 -101.289095 -0.329751 43.777635 -113.832197 0.184795 41.601353 -115.558170 3.380162 40.710378 -117.289203
S PLAYING 0 4.017716 40.642660 -106.789716 6.132871 34.413605 -105.076514 7.566891 24.277693 -101.291606 0.034039 45.118660 -114.084514 0.220499 42.659941 -115.921929 3.404052 41.749292 -118.079101
S PLAYING 0 4.839125 41.982982 -107.407913 6.849578 35.230854 -105.951955 8.057970 23.749544 -101.406063 0.464151 46.376458 -114.183587 0.258346 43.639172 -116.110393 3.350499 42.750399 -118.760971
S PLAYING 0 5.704797 43.358592 -108.071662 7.581100 36.101975 -106.929736 8.516103 23.235787 -101.594320 0.936860 47.558804 -114.159110 0.298240 44.551072 -116.167292 3.243965 43.722031 -119.363894
S PLAYING 0 6.590537 44.749042 -108.738280 8.325067 37.002764 -107.950690 8.963307 22.721561 -101.812754 1.426437 48.680798 -114.049985 0.340183 45.414879 -116.146390 3.113129 44.675505 -119.922361
S PLAYING 0 7.469251 46.131286 -109.364139 9.076934 37.907501 -108.952774 9.422960 22.193656 -102.015952 1.907244 49.764408 -113.902198 0.384289 46.256359 -116.108235 2.988558 45.624862 -120.474429
S PLAYING 0 8.312836 47.481287 -109.907890 9.830137 38.790659 -109.875403 9.918237 21.641750 -102.160130 2.355560 50.837048 -113.765714 0.430784 47.106107 -116.116028 2.900479 46.586133 -121.059267
S PLAYING 0 9.094369 48.775565 -110.333116 10.576541 39.628232 -110.663284 10.470315 21.058985 -102.205971 2.750985 51.929329 -113.690613 0.479990 47.997020 -116.230903 2.876874 47.576138 -121.714230
S PLAYING 0 9.790394 49.992606 -110.610284 11.307159 40.398700 -111.269611 11.096496 20.441867 -102.120738 3.077419 53.072239 -113.722838 0.532315 48.961293 -116.507071 2.941962 48.610960 -122.471734
S PLAYING 0 10.383023 51.114130 -110.718028 12.013109 41.083794 -111.658580 11.808497 19.789644 -101.879700 3.323653 54.294128 -113.900033 0.588221 50.027382 -116.987333 3.115061 49.704328 -123.356317
S PLAYING 0 10.861570 52.126203 -110.643868 12.686658 41.669231 -111.807251 12.611182 19.103392 -101.466989 3.483658 55.617884 -114.247995 0.648204 51.217348 -117.699479 3.409763 50.866166 -124.382307
S PLAYING 0 11.223511 53.020184 -110.384512 13.322204 42.145560 -111.706802 13.502013 18.385142 -100.876099 3.556666 57.058641 -114.778178 0.712753 52.544904 -118.653979 3.833316 52.101576 -125.552438
S PLAYING 0 11.474641 53.793490 -109.945867 13.917007 42.509147 -111.363179 14.471374 17.637300 -100.110155 3.547090 58.622236 -115.486575 0.782312 54.014347 -119.843236 4.386154 53.410377 -126.857641
S PLAYING 0 11.628437 54.450100 -109.342808 14.471554 42.763138 -110.797082 15.503756 16.862532 -99.182029 3.464327 60.304515 -116.354049 0.857238 55.620378 -121.242382 5.061541 54.787276 -128.278042
S PLAYING 0 11.704741 55.000733 -108.598667 14.989512 42.918187 -110.043198 16.579601 16.064114 -98.114225 3.322393 62.091431 -117.348029 0.937745 57.348660 -122.811466 5.845401 56.222561 -129.785015
S PLAYING 0 11.727957 55.462573 -107.744316 15.477316 42.992642 -109.148582 17.677496 15.246580 -96.938389 3.139362 63.959836 -118.425268 1.023856 59.176874 -124.498655 6.716447 57.703176 -131.343999
S PLAYING 0 11.780839 55.916092 -106.902972 15.963580 43.079847 -108.303861 18.739969 14.438149 -95.793698 2.985697 65.797985 -119.423375 1.113751 60.992832 -126.107440 7.572924 59.176760 -132.842696
S EXIT 0 11.998638 56.354800 -106.699289 16.305108 43.352020 -108.265200 19.220377 14.049293 -95.468417 3.065388 66.575609 -119.605687 1.161515 61.759291 -126.562087 7.821032 59.898543 -133.439092
S EXIT 0 11.902340 57.191969 -107.109001 16.253537 43.310955 -108.271406 19.147560 14.108127 -95.517903 3.053293 66.458144 -119.578520 1.154219 61.643071 -126.493342 7.783237 59.789017 -133.348874
S EXIT 0 11.742208 57.883473 -107.571368 16.098524 43.187448 -108.289269 18.929276 14.284721 -95.665858 3.017070 66.105157 -119.496082 1.132467 61.294775 -126.286907 7.670342 59.460957 -133.078044
S EXIT 0 11.519295 58.417736 -108.085073 15.839173 42.980583 -108.316531 18.566031 14.579348 -95.910771 2.956903 65.514898 -119.355576 1.096675 60.715493 -125.942182 7.483816 58.915884 -132.626064
S EXIT 0 11.233808 58.780604 -108.645779 15.474004 42.688889 -108.349453 18.058693 14.992443 -96.250129 2.873096 64.684542 -119.152359 1.047532 59.907006 -125.458148 7.226083 58.156245 -131.992010
S EXIT 0 10.885015 58.955059 -109.245645 15.000963 42.310428 -108.382847 17.408519 15.524588 -96.680418 2.766068 63.610332 -118.879977 0.986001 58.871739 -124.833351 6.900488 57.185279 -131.174521
S EXIT 0 10.471147 58.920973 -109.872832 14.417459 41.842922 -108.410128 16.617202 16.176470 -97.197128 2.636350 62.287775 -118.530216 0.913316 57.612698 -124.065869 6.511255 56.006844 -130.171738
S EXIT 0 9.989285 58.654988 -110.511039 13.720392 41.283905 -108.423383 15.686916 16.948826 -97.794755 2.484574 60.711889 -118.093166 0.830979 56.133383 -123.153272 6.063424 54.625210 -128.981229
S EXIT 0 9.435243 58.130572 -111.139106 12.906217 40.630922 -108.413455 14.620374 17.842370 -98.466791 2.311467 58.877498 -117.557312 0.740758 54.437690 -122.092573 5.562784 53.044833 -127.599889
S EXIT 0 8.803445 57.318360 -111.730730 11.971014 39.881755 -108.370049 13.420880 18.857689 -99.205722 2.117843 56.779570 -116.909645 0.644686 52.529800 -120.880170 5.015795 51.270106 -126.023836
S EXIT 0 8.086792 56.186860 -112.254350 10.910595 39.034676 -108.281863 12.092377 19.995104 -100.003002 1.904586 54.413563 -116.135790 0.545053 50.414051 -119.511770 4.429502 49.305106 -124.248272
S EXIT 0 7.276516 54.703648 -112.673288 9.720637 38.088720 -108.136733 10.639488 21.254505 -100.849032 1.672646 51.775789 -115.220156 0.444413 48.094797 -117.982303 3.811445 47.153340 -122.267336
S EXIT 0 6.362774 52.838690 -112.946064 8.397909 37.044790 -107.921995 9.068772 22.634043 -101.732440 1.423215 48.866039 -114.146960 0.345649 45.578234 -116.287166 3.170058 44.819315 -120.075644
S EXIT 0 5.431983 50.774165 -113.022646 7.076472 36.011582 -107.655167 7.543175 23.991443 -102.558376 1.182071 45.983052 -113.019642 0.260022 43.121770 -114.596078 2.573425 42.539960 -117.892505
S EXIT 0 4.554180 48.667685 -112.902708 5.856164 35.067329 -107.365342 6.170502 25.226984 -103.273470 0.965894 43.341851 -111.931872 0.191954 40.898717 -113.034038 2.058583 40.474754 -115.878316
S EXIT 0 3.735747 46.544125 -112.608499 4.742351 34.214566 -107.066491 4.946039 26.339946 -103.888053 0.773584 40.948483 -110.901286 0.138662 38.903514 -111.606046 1.616812 38.618138 -114.038497
S EXIT 0 2.982975 44.428517 -112.162664 3.739440 33.454605 -106.770720 3.865349 27.330238 -104.411528 0.604194 38.807083 -109.943317 0.097641 37.131656 -110.316925 1.240579 36.966132 -112.378506
S EXIT 0 2.302016 42.345866 -111.588305 2.850976 32.787877 -106.488426 2.924358 28.198258 -104.852351 0.456909 36.920390 -109.071359 0.066660 35.579532 -109.171241 0.923417 35.515981 -110.903694
S EXIT 0 1.698835 40.320960 -110.908984 2.079749 32.214222 -106.228442 2.119409 28.944747 -105.218014 0.331042 35.290154 -108.296923 0.043758 34.244288 -108.173225 0.659828 34.265865 -109.619173
S EXIT 0 1.179131 38.378231 -110.148663 1.427909 31.733129 -105.998157 1.447307 29.570645 -105.515024 0.226017 33.917443 -107.629750 0.027244 33.123703 -107.326705 0.445207 33.214659 -108.529676
S EXIT 0 0.748254 36.541645 -109.331589 0.897070 31.343913 -105.803627 0.905341 30.076968 -105.748885 0.141362 32.802870 -107.077914 0.015694 32.216083 -106.635030 0.275774 32.361734 -107.639433
S EXIT 0 0.411104 34.834632 -108.482118 0.488407 31.045860 -105.649658 0.491298 30.464692 -105.924086 0.076706 31.946764 -106.647888 0.007952 31.520171 -106.101013 0.148524 31.706794 -106.952055
S EXIT 0 0.172024 33.280041 -107.624473 0.202738 30.838332 -105.539878 0.203477 30.734658 -106.044082 0.031767 31.349283 -106.344600 0.003129 31.035077 -105.726871 0.061188 31.249741 -106.470424
S EXIT 0 0.034678 31.900097 -106.782440 0.040591 30.720839 -105.476784 0.040687 30.887503 -106.111293 0.006352 31.010493 -106.171468 0.000607 30.760214 -105.514182 0.012198 30.990572 -106.196611
S IDLE 0 -0.000000 30.925721 -106.128016 -0.000000 30.691461 -105.460901 -0.000000 30.925721 -106.128016 -0.000000 30.925721 -106.128016 -0.000000 30.691461 -105.460901 -0.000000 30.925721 -106.128016
S IDLE 0 -0.000000 30.925721 -106.128016 -0.000000 30.691461 -105.460901 -0.000000 30.925721 -106.128016 -0.000000 30.925721 -106.128016 -0.000000 30.691461 -105.460901 -0.000000 30.925721 -106.128016
S IDLE 0 -0.000000 30.925721 -106.128016 -0.000000 30.691461 -105.460901 -0.000000 30.925721 -106.128016 -0.000000 30.925721 -106.128016 -0.000000 30.691461 -105.460901 -0.000000 30.925721 -106.128016
S IDLE 0 -0.000000 30.925721 -106.128016 -0.000000 30.691461 -105.460901 -0.000000 30.925721 -106.128016 -0.000000 30.925721 -106.128016 -0.000000 30.691461 -105.460901 -0.000000 30.925721 -106.128016
S IDLE 0 -0.000000 30.925721 -106.128016 -0.000000 30.691461 -105.460901 -0.000000 30.925721 -106.128016 -0.000000 30.925721 -106.128016 -0.000000 30.691461 -105.460901 -0.000000 30.925721 -106.128016
S IDLE 0 -0.000000 30.925721 -106.128016 -0.000000 30.691461 -105.460901 -0.000000 30.925721 -106.128016 -0.000000 30.925721 -106.128016 -0.000000 30.691461 -105.460901 -0.000000 30.925721 -106.128016
S IDLE 0 -0.000000 30.925721 -106.128016 -0.000000 30.691461 -105.460901 -0.000000 30.925721 -106.128016 -0.000000 30.925721 -106.128016 -0.000000 30.691461 -105.460901 -0.000000 30.925721 -106.128016
P 6 fx_overlay - 0.02 0.050000 -0.030000 0.000000 8.000000 -6.000000 12.000000 15.000000 0.000000 0.000000 0.000000 0.000000 0.000000 0.000000 -10.000000 5.000000 0.000000 0.000000 0.000000 0.000000 0.000000 0.000000 -5.000000 5.000000 0.000000
V 110 stop
S ENTRY 0 -9.026627 49.877615 -106.689669 -1.408348 44.579320 -108.027177 -1.059398 39.062086 -101.284996 -2.946819 51.925670 -124.547800 1.396618 41.176152 -118.493440 0.928853 34.651012 -111.947502
S ENTRY 0 -8.947607 52.026069 -107.976255 -1.390975 44.465278 -108.048605 -1.086199 40.534212 -102.286456 -2.904853 51.624616 -124.314305 1.378435 41.032994 -118.324868 0.925752 35.862420 -112.676215
S ENTRY 0 -8.796581 53.978457 -109.235409 -1.361969 44.274082 -108.083075 -1.100492 41.913867 -103.309751 -2.835133 51.124942 -123.924904 1.348131 40.794898 -118.043905 0.914421 36.998817 -113.316663
S ENTRY 0 -8.571301 55.693730 -110.458357 -1.321248 44.004058 -108.128720 -1.100672 43.173226 -104.344526 -2.737992 50.429697 -123.379208 1.305706 40.462599 -117.650525 0.894448 38.033418 -113.855459
S ENTRY 0 -8.269242 57.130459 -111.636132 -1.268700 43.652880 -108.182932 -1.085359 44.284389 -105.380668 -2.613895 49.542989 -122.676635 1.251160 40.037086 -117.144674 0.865445 38.941232 -114.280903
S ENTRY 0 -7.887640 58.246292 -112.757882 -1.204176 43.217592 -108.242360 -1.053453 45.219296 -106.407656 -2.463425 48.469846 -121.816365 1.184491 39.519566 -116.526247 0.827059 39.699752 -114.583036
S ENTRY 0 -7.423502 58.997329 -113.809043 -1.127492 42.694641 -108.302914 -1.004195 45.949617 -107.413842 -2.287290 47.216032 -120.797289 1.105697 38.911418 -115.795065 0.778983 40.289576 -114.753638
S ENTRY 0 -6.873605 59.337615 -114.769527 -1.038425 42.079910 -108.359773 -0.937211 46.446653 -108.385741 -2.086305 45.787847 -119.617946 1.014772 38.214144 -114.950848 0.720969 40.694951 -114.786177
S ENTRY 0 -6.234457 59.219055 -115.612148 -0.936709 41.368767 -108.407390 -0.852551 46.681340 -109.307400 -1.861392 44.191907 -118.276451 0.911708 37.429308 -113.993174 0.652824 40.904188 -114.675741
S ENTRY 0 -5.502239 58.592089 -116.301517 -0.822034 40.556125 -108.439508 -0.750717 46.624442 -110.159912 -1.613567 42.434911 -116.770400 0.796493 36.558479 -112.921448 0.574420 40.909959 -114.418960
S ENTRY 0 -4.677706 57.415352 -116.791264 -0.694806 39.642051 -108.449191 -0.633384 46.249766 -110.916955 -1.345523 40.534688 -115.106765 0.669866 35.608828 -111.741922 0.486217 40.710921 -114.016516
S ENTRY 0 -3.868855 55.830749 -116.992426 -0.571667 38.745937 -108.433412 -0.517622 45.598537 -111.467568 -1.092796 38.741443 -113.503258 0.548497 34.705372 -110.609475 0.400083 40.340131 -113.523644
S ENTRY 0 -3.125280 53.922026 -116.883327 -0.459774 37.922831 -108.398329 -0.411483 44.701030 -111.772484 -0.868693 37.148582 -112.051388 0.439216 33.897137 -109.587998 0.321368 39.814055 -112.962182
S ENTRY 0 -2.452085 51.718340 -116.473007 -0.359446 37.178298 -108.350602 -0.316395 43.572826 -111.836041 -0.672109 35.748195 -110.753401 0.342034 33.182248 -108.677994 0.250601 39.139671 -112.332797
S ENTRY 0 -1.853784 49.259440 -115.775393 -0.270976 36.517112 -108.296119 -0.233435 42.236700 -111.666484 -0.502089 34.533976 -109.611567 0.256964 32.559235 -107.880027 0.188211 38.327669 -111.638421
S ENTRY 0 -1.334275 46.594272 -114.809948 -0.194628 35.943311 -108.240002 -0.163293 40.721999 -111.276260 -0.357816 33.500950 -108.628086 0.184017 32.026949 -107.194685 0.134526 37.392177 -110.884323
S ENTRY 0 -0.896828 43.778977 -113.602018 -0.130635 35.460250 -108.186620 -0.106244 39.063647 -110.682096 -0.238606 32.645234 -107.805010 0.123206 31.584511 -106.622542 0.089766 36.350407 -110.078154
S ENTRY 0 -0.544088 40.874588 -112.182845 -0.079195 35.070649 -108.139593 -0.062157 37.300864 -109.904884 -0.143898 31.963858 -107.144170 0.074543 31.231257 -106.164123 0.054055 35.222240 -109.229946
S ENTRY 0 -0.278068 37.944696 -110.589290 -0.040471 34.776633 -108.101809 -0.030529 35.475736 -108.969340 -0.073248 31.454614 -106.647114 0.038036 30.966702 -105.819884 0.027418 34.029748 -108.352066
S ENTRY 0 -0.100158 35.053382 -108.863284 -0.014585 34.579767 -108.075425 -0.010536 33.631783 -107.903494 -0.026329 31.115941 -106.315050 0.013694 30.790509 -105.590183 0.009802 32.796689 -107.459081
S ENTRY 0 -0.011122 32.263551 -107.051065 -0.001621 34.481079 -108.061875 -0.001118 31.812627 -106.738012 -0.002923 30.946847 -106.148807 0.001522 30.702464 -105.475268 0.001081 31.547976 -106.567566
S PLAYING 0 -0.000000 30.925721 -106.128016 -0.000000 34.468731 -108.060164 -0.000000 30.925721 -106.128016 -0.000000 30.925721 -106.128016 -0.000000 30.691461 -105.460901 -0.000000 30.925721 -106.128016
S PLAYING 0 0.531555 34.422237 -107.902149 0.699480 37.560296 -110.087726 0.570683 27.722762 -104.478186 -0.531555 34.422237 -107.902149 -0.773102 30.843523 -105.561897 -0.570683 27.722762 -104.478186
S PLAYING 0 1.008626 37.813636 -109.540300 1.319738 40.267654 -111.785688 1.159746 24.656791 -102.833832 -1.008626 37.813636 -109.540300 -1.518188 31.023124 -105.670631 -1.159746 24.656791 -102.833832
S PLAYING 0 1.421081 40.979138 -110.996999 1.859606 42.416323 -113.080307 1.741582 21.839821 -101.267537 -1.421081 40.979138 -110.996999 -2.208430 31.224261 -105.785250 -1.741582 21.839821 -101.267537
S PLAYING 0 1.763313 43.806079 -112.239869 2.325240 43.867507 -113.923804 2.287062 19.372516 -99.853319 -1.763313 43.806079 -112.239869 -2.819277 31.437916 -105.903075 -2.287062 19.372516 -99.853319
S PLAYING 0 2.033198 46.195211 -113.248867 2.725089 44.529360 -114.290536 2.765649 17.341380 -98.661899 -2.033198 46.195211 -113.248867 -3.329351 31.653343 -106.021001 -2.765649 17.341380 -98.661899
S PLAYING 0 2.230901 48.064871 -114.014171 3.064884 44.363772 -114.173025 3.148126 15.816780 -97.755872 -2.230901 48.064871 -114.014171 -3.721125 31.859588 -106.135938 -3.148126 15.816780 -97.755872
S PLAYING 0 2.357702 49.353699 -114.533173 3.343738 43.388587 -113.579841 3.409586 14.851628 -97.185195 -2.357702 49.353699 -114.533173 -3.981369 32.047022 -106.245244 -3.409586 14.851628 -97.185195
S PLAYING 0 2.414991 50.021965 -114.807283 3.552166 41.675756 -112.536326 3.532234 14.480559 -96.983413 -2.414991 50.021965 -114.807283 -4.101421 32.208677 -106.347076 -3.532234 14.480559 -96.983413
S PLAYING 0 2.403552 50.051930 -114.839271 3.672447 39.345836 -111.087751 3.507510 14.719467 -97.165050 -2.403552 50.051930 -114.839271 -4.077323 32.341195 -106.440628 -3.507510 14.719467 -97.165050
S PLAYING 0 2.323220 49.447758 -114.631789 3.681290 36.559211 -109.303276 3.337151 15.565325 -97.724433 -2.323220 49.447758 -114.631789 -3.909866 32.445288 -106.526220 -3.337151 15.565325 -97.724433
S PLAYING 0 2.172952 50.827001 -115.570119 3.554309 36.112856 -109.020742 3.032971 19.591326 -100.772097 -2.172952 50.827001 -115.570119 -3.604587 35.128366 -108.366542 -3.032971 19.591326 -100.772097
S PLAYING 0 1.951299 48.437373 -114.601835 3.271503 32.354885 -106.511196 2.615416 20.945397 -101.449962 -1.951299 48.437373 -114.601835 -3.171690 34.567378 -108.022403 -2.615416 20.945397 -101.449962
S PLAYING 0 1.657228 45.528676 -113.376112 2.822712 28.728705 -103.977672 2.111159 22.763136 -102.375022 -1.657228 45.528676 -113.376112 -2.625876 33.979458 -107.659570 -2.111159 22.763136 -102.375022
S PLAYING 0 1.291205 42.194917 -111.900968 2.212010 25.437663 -101.579747 1.550186 24.975088 -103.494204 -1.291205 42.194917 -111.900968 -1.986016 33.382745 -107.285364 -1.550186 24.975088 -103.494204
S PLAYING 0 0.856384 38.548014 -110.197719 1.460100 22.662483 -99.480912 0.962842 27.496430 -104.746990 -0.856384 38.548014 -110.197719 -1.274632 32.794834 -106.907423 -0.962842 27.496430 -104.746990
S PLAYING 0 0.359778 34.712681 -108.303154 0.604063 20.551302 -97.832226 0.377280 30.229300 -106.069679 -0.359778 34.712681 -108.303154 -0.517144 32.231218 -106.533220 -0.377280 30.229300 -106.069679
S PLAYING 0 -0.186796 30.820137 -106.269866 -0.305744 19.210557 -96.754591 -0.182403 33.066017 -107.399559 0.186796 30.820137 -106.269866 0.259096 31.704029 -106.169607 0.182403 33.066017 -107.399559
S PLAYING 0 -0.766169 27.001636 -104.164724 -1.211262 18.697505 -96.322718 -0.697236 35.893147 -108.678596 0.766169 27.001636 -104.164724 1.025937 31.221252 -105.822424 0.697236 35.893147 -108.678596
S PLAYING 0 -1.355878 23.382722 -102.065800 -2.053818 19.015916 -96.554511 -1.153652 38.596278 -109.856284 1.355878 23.382722 -102.065800 1.755631 30.786517 -105.496269 1.153652 38.596278 -109.856284
S PLAYING 0 -1.928952 20.078732 -100.058108 -2.781357 20.116374 -97.408809 -1.543127 41.065123 -110.891369 1.928952 20.078732 -100.058108 2.421995 30.399511 -105.194459 1.543127 41.065123 -110.891369
S PLAYING 0 -2.455522 17.191605 -98.228580 -3.354455 21.901393 -98.792159 -1.861341 43.198522 -111.752342 2.455522 17.191605 -98.228580 3.001448 30.056912 -104.919182 1.861341 43.198522 -111.752342
S PLAYING 0 -2.905167 14.807769 -96.660594 -3.750060 24.234098 -100.572610 -2.107069 44.908850 -112.416770 2.905167 14.807769 -96.660594 3.473832 29.753713 -104.671818 2.107069 44.908850 -112.416770
S PLAYING 0 -3.249775 12.996729 -95.428405 -3.962475 26.948555 -102.596872 -2.280971 46.125508 -112.869750 3.249775 12.996729 -95.428405 3.823011 29.484721 -104.453360 2.280971 46.125508 -112.869750
S PLAYING 0 -3.466520 11.810028 -94.591862 -4.001659 29.860228 -104.707185 -2.384466 46.797389 -113.101974 3.466520 11.810028 -94.591862 4.037256 29.246005 -104.264870 2.384466 46.797389 -113.101974
S PLAYING 0 -3.540496 11.280433 -94.191867 -3.889355 32.776154 -106.755372 -2.418802 46.894442 -113.107965 3.540496 11.280433 -94.191867 4.109464 29.036101 -104.107880 2.418802 46.894442 -113.107965
S PLAYING 0 -3.466520 11.421323 -94.247121 -3.653845 35.505222 -108.612842 -2.384466 46.408567 -112.884991 3.466520 11.421323 -94.247121 4.037256 28.856792 -103.984669 2.384466 46.408567 -112.884991
S PLAYING 0 -3.249775 12.226375 -94.752605 -3.324303 37.869064 -110.176293 -2.280971 45.354019 -112.433004 3.249775 12.226375 -94.752605 3.823011 28.713362 -103.898363 2.280971 45.354019 -112.433004
S PLAYING 0 -2.905167 13.669645 -95.680040 -2.925759 39.713448 -111.369501 -2.107069 43.767352 -111.755662 2.905167 13.669645 -95.680040 3.473832 28.614288 -103.852842 2.107069 43.767352 -111.755662
S PLAYING 0 -2.455522 15.706067 -96.980290 -2.475574 40.919278 -112.142096 -1.861341 41.706693 -110.862209 2.455522 15.706067 -96.980290 3.001448 28.570402 -103.852435 1.861341 41.706693 -110.862209
S PLAYING 0 -1.928952 18.272347 -98.587335 -1.982067 41.411891 -112.466770 -1.543127 39.250091 -109.769761 1.928952 18.272347 -98.587335 2.421995 28.593628 -103.901463 1.543127 39.250091 -109.769761
S PLAYING 0 -1.355878 21.288214 -100.423322 -1.445506 41.167419 -112.336566 -1.153652 36.492704 -108.505417 1.355878 21.288214 -100.423322 1.755631 28.695455 -104.003672 1.153652 36.492704 -108.505417
S PLAYING 0 -0.766169 24.658076 -102.404119 -0.861247 40.215308 -111.763646 -0.697236 33.542850 -107.107631 0.766169 24.658076 -102.404119 1.025937 28.885372 -104.161658 0.697236 33.542850 -107.107631
S PLAYING 0 -0.186796 28.273226 -104.444901 -0.224303 38.636456 -110.780074 -0.182403 30.517171 -105.626449 0.186796 28.273226 -104.444901 0.259096 29.169463 -104.376385 0.182403 30.517171 -105.626449
S PLAYING 0 0.359778 32.014848 -106.465368 0.465646 36.556768 -109.440020 0.377280 27.535405 -104.122408 -0.359778 32.014848 -106.465368 -0.517144 29.549392 -104.646864 -0.377280 27.535405 -104.122408
S PLAYING 0 0.856384 35.758032 -108.394264 1.199926 34.136631 -107.821925 0.962842 24.715250 -102.664088 -0.856384 35.758032 -108.394264 -1.274632 30.021931 -104.970076 -0.962842 24.715250 -102.664088
S PLAYING 0 1.291205 39.376846 -110.172866 1.958264 31.557662 -106.028935 1.550186 22.167749 -101.324533 -1.291205 39.376846 -110.172866 -1.986016 30.579092 -105.341143 -1.550186 22.167749 -101.324533
S PLAYING 0 1.657228 42.750172 -111.757141 2.708567 29.008767 -104.186268 2.111159 19.993418 -100.176798 -1.657228 42.750172 -111.757141 -2.625876 31.208871 -105.753727 -2.111159 19.993418 -100.176798
S PLAYING 0 1.951299 45.767698 -113.118313 3.409270 26.673442 -102.434907 2.615416 18.279190 -99.289030 -1.951299 45.767698 -113.118313 -3.171690 31.896466 -106.200581 -2.615416 18.279190 -99.289030
S PLAYING 0 2.172952 48.335251 -114.241789 4.013876 24.719470 -100.921667 3.032971 17.096148 -98.719508 -2.172952 48.335251 -114.241789 -3.604587 32.625813 -106.674160 -3.032971 17.096148 -98.719508
S PLAYING 0 2.323220 50.378729 -115.124647 4.476842 23.291076 -99.786333 3.337151 16.497952 -98.512137 -2.323220 50.378729 -115.124647 -3.909866 33.381202 -107.167194 -3.337151 16.497952 -98.512137
S PLAYING 0 2.403552 51.846280 -115.772192 4.759738 22.502968 -99.147199 3.507510 16.519889 -98.692862 -2.403552 51.846280 -115.772192 -4.077323 34.148755 -107.673139 -3.507510 16.519889 -98.692862
S PLAYING 0 2.414991 52.708838 -116.194308 4.836619 22.435693 -99.087105 3.532234 17.178407 -99.267428 -2.414991 52.708838 -116.194308 -4.101421 34.917571 -108.186449 -3.532234 17.178407 -99.267428
S PLAYING 0 2.357702 52.959532 -116.402351 4.697784 23.132136 -99.642562 3.409586 18.471012 -100.220704 -2.357702 52.959532 -116.402351 -3.981369 35.680402 -108.702664 -3.409586 18.471012 -100.220704
S PLAYING 0 2.230901 52.612605 -116.407215 4.351392 24.595376 -100.798392 3.148126 20.376330 -101.517621 -2.230901 52.612605 -116.407215 -3.721125 36.433769 -109.218305 -3.148126 20.376330 -101.517621
S PLAYING 0 2.033198 51.702293 -116.218866 3.822695 26.787980 -102.489195 2.765649 22.854205 -103.105569 -2.033198 51.702293 -116.218866 -3.329351 37.177536 -109.730643 -2.765649 22.854205 -103.105569
S PLAYING 0 1.763313 50.281796 -115.847322 2.819277 37.913987 -110.237373 2.287062 25.845763 -104.917963 -1.763313 50.281796 -115.847322 -2.819277 37.913987 -110.237373 -2.287062 25.845763 -104.917963
S PLAYING 0 1.421081 48.422115 -115.304709 2.208430 38.646558 -110.736271 1.741582 29.273575 -106.878687 -1.421081 48.422115 -115.304709 -2.208430 38.646558 -110.736271 -1.741582 29.273575 -106.878687
S PLAYING 0 1.008626 46.210301 -114.607777 1.518188 39.378391 -111.224886 1.159746 33.042241 -108.907116 -1.008626 46.210301 -114.607777 -1.518188 39.378391 -111.224886 -1.159746 33.042241 -108.907116
S PLAYING 0 0.531555 43.746759 -113.780190 0.773102 40.110933 -111.700319 0.570683 37.039928 -110.923439 -0.531555 43.746759 -113.780190 -0.773102 40.110933 -111.700319 -0.570683 37.039928 -110.923439
S PLAYING 0 -0.000000 41.141413 -112.853983 -0.000000 40.842776 -112.159132 -0.000000 41.141413 -112.853983 0.000000 41.141413 -112.853983 0.000000 40.842776 -112.159132 0.000000 41.141413 -112.853983
S PLAYING 0 -0.570683 34.670098 -109.357210 -0.773102 37.756737 -110.212906 -0.531555 41.378542 -112.358942 0.570683 34.670098 -109.357210 0.773102 37.756737 -110.212906 0.531555 41.378542 -112.358942
S PLAYING 0 -1.159746 31.594120 -107.903499 -1.518188 37.937649 -110.311197 -1.008626 44.764373 -113.778585 1.159746 31.594120 -107.903499 1.518188 37.937649 -110.311197 1.008626 44.764373 -113.778585
S PLAYING 0 -1.741582 28.765219 -106.511011 -2.208430 38.139722 -110.413702 -1.421081 47.915219 -115.026493 1.741582 28.765219 -106.511011 2.208430 38.139722 -110.413702 1.421081 47.915219 -115.026493
S PLAYING 0 -2.287062 26.286186 -105.248519 -2.819277 38.354078 -110.518433 -1.763313 50.720091 -116.078417 2.287062 26.286186 -105.248519 2.819277 38.354078 -110.518433 1.763313 50.720091 -116.078417
S PLAYING 0 -2.765649 24.245080 -104.182054 -3.329351 38.570149 -110.623112 -2.033198 53.083222 -116.922475 2.765649 24.245080 -104.182054 3.329351 38.570149 -110.623112 2.033198 53.083222 -116.922475
S PLAYING 0 -3.148126 22.713196 -103.370150 -3.721125 38.777173 -110.725503 -2.230901 54.927623 -117.556422 3.148126 22.713196 -103.370150 3.721125 38.777173 -110.725503 2.230901 54.927623 -117.556422
S PLAYING 0 -3.409586 21.743885 -102.859513 -3.981369 38.965701 -110.823717 -2.357702 56.196823 -117.983987 3.409586 21.743885 -102.859513 3.981369 38.965701 -110.823717 2.357702 56.196823 -117.983987
S PLAYING 0 -3.532234 21.371959 -102.681474 -4.101421 39.128901 -110.916464 -2.414991 56.855117 -118.211074 3.532234 21.371959 -102.681474 4.101421 39.128901 -110.916464 2.414991 56.855117 -118.211074
S PLAYING 0 -3.507510 21.613427 -102.849572 -4.077323 39.263494 -111.003206 -2.403552 56.887030 -118.242686 3.507510 21.613427 -102.849572 4.077323 39.263494 -111.003206 2.403552 56.887030 -118.242686
S PLAYING 0 -3.337151 22.465408 -103.358462 -3.909866 39.370189 -111.084216 -2.323220 56.296730 -118.081220 3.337151 22.465408 -103.358462 3.909866 39.370189 -111.084216 2.323220 56.296730 -118.081220
S PLAYING 0 -3.032971 23.906124 -104.184269 -3.604587 39.453592 -111.160526 -2.172952 55.107852 -117.726510 3.032971 23.906124 -104.184269 3.604587 39.453592 -111.160526 2.172952 55.107852 -117.726510
S PLAYING 0 0.082665 31.452051 -106.400662 0.109629 34.949408 -108.381636 0.083555 30.441186 -105.882911 -0.082665 31.452051 -106.400662 -0.116656 30.712384 -105.475514 -0.083555 30.441186 -105.882911
S PLAYING 0 0.606894 34.940657 -108.157799 0.797710 37.995474 -110.365547 0.658447 27.251289 -104.229454 -0.606894 34.940657 -108.157799 -0.887326 30.868814 -105.577748 -0.658447 27.251289 -104.229454
S PLAYING 0 1.074798 38.305737 -109.771312 1.405753 40.629431 -112.007041 1.248163 24.215766 -102.592096 -1.074798 38.305737 -109.771312 -1.625851 31.052113 -105.687507 -1.248163 24.215766 -102.592096
S PLAYING 0 1.476979 41.427364 -111.197684 1.933978 42.681286 -113.236446 1.826465 21.445147 -101.043919 -1.476979 41.427364 -111.197684 -2.305681 31.255761 -105.802793 -1.826465 21.445147 -101.043919
S PLAYING 0 1.808424 44.194572 -112.406471 2.389218 44.018665 -114.009580 2.363858 19.038129 -99.658757 -1.808424 44.194572 -112.406471 -2.902687 31.470390 -105.920836 -2.363858 19.038129 -99.658757
S PLAYING 0 2.067431 46.510515 -113.379328 2.779819 44.557468 -114.303749 2.829819 17.078902 -98.506416 -2.067431 46.510515 -113.379328 -3.396033 31.685123 -106.038504 -2.829819 17.078902 -98.506416
S PLAYING 0 2.254404 48.296443 -114.107719 3.110728 44.267940 -114.113953 3.195587 15.635285 -97.647871 -2.254404 48.296443 -114.107719 -3.768811 31.889108 -106.152748 -3.195587 15.635285 -97.647871
S PLAYING 0 2.370698 49.494183 -114.589839 3.379840 43.176254 -113.451160 3.437154 14.757493 -97.130831 -2.370698 49.494183 -114.589839 -4.008464 32.073040 -106.261027 -3.437154 14.757493 -97.130831
S PLAYING 0 2.417649 50.067297 -114.827447 3.576352 41.362087 -112.343460 3.537996 14.477369 -96.986124 -2.417649 50.067297 -114.827447 -4.107030 32.230441 -106.361642 -3.537996 14.477369 -96.986124
S PLAYING 0 2.395911 50.001342 -114.823356 3.681487 38.952602 -110.839460 3.491061 14.807975 -97.225281 -2.395911 50.001342 -114.823356 -4.061261 32.358549 -106.453952 -3.491061 14.807975 -97.225281
S PLAYING 0 2.305173 49.303754 -114.580163 3.671467 36.113228 -109.012194 3.299643 15.743447 -97.839595 -2.305173 49.303754 -114.580163 -3.872663 32.458692 -106.538446 -3.299643 15.743447 -97.839595
S PLAYING 0 2.144290 50.504761 -115.441305 3.522206 35.549153 -108.651703 2.976970 19.762615 -100.856227 -2.144290 50.504761 -115.441305 -3.547478 35.046627 -108.316382 -2.976970 19.762615 -100.856227
S PLAYING 0 1.911816 48.032088 -114.434321 3.214844 31.797397 -106.128932 2.544594 21.190012 -101.574149 -1.911816 48.032088 -114.434321 -3.096600 34.480468 -107.968997 -2.544594 21.190012 -101.574149
S PLAYING 0 1.606871 45.053155 -113.170385 2.741116 28.208959 -103.605313 2.029877 23.071708 -102.531940 -1.606871 45.053155 -113.170385 -2.535380 33.890067 -107.603979 -2.029877 23.071708 -102.531940
S PLAYING 0 1.230245 41.664911 -111.659303 2.107495 24.984463 -101.241936 1.463041 25.335825 -103.675147 -1.230245 41.664911 -111.659303 -1.883275 33.293588 -107.228724 -1.463041 25.335825 -103.675147
S PLAYING 0 0.785601 37.981559 -109.924619 1.337229 22.300361 -99.201530 0.874252 27.895415 -104.942501 -0.785601 37.981559 -109.924619 -1.163296 32.708403 -106.850877 -0.874252 27.895415 -104.942501
S PLAYING 0 0.280619 34.129207 -108.005519 0.469655 20.299088 -97.631759 0.291153 30.650918 -106.270191 -0.280619 34.129207 -108.005519 -0.401219 32.149573 -106.477848 -0.291153 30.650918 -106.270191
S PLAYING 0 -0.272102 30.239482 -105.956874 -0.443309 19.080126 -96.647530 -0.262880 33.493508 -107.595987 0.272102 30.239482 -105.956874 0.375410 31.628644 -106.116355 0.262880 33.493508 -107.595987
S PLAYING 0 -0.854581 26.443121 -103.847466 -1.343040 18.692882 -96.315529 -0.769685 36.309290 -108.862829 0.854581 26.443121 -103.847466 1.138423 31.152945 -105.772065 0.769685 36.309290 -108.862829
S PLAYING 0 -1.443607 22.864391 -101.756700 -2.171412 19.133004 -96.644718 -1.216489 38.984140 -110.021518 1.443607 22.864391 -101.756700 1.860233 30.725476 -105.449380 1.216489 38.984140 -110.021518
S PLAYING 0 -2.011652 19.616791 -99.770215 -2.877927 20.343435 -97.585454 -1.595461 41.408832 -111.032260 2.011652 19.616791 -99.770215 2.514989 30.345400 -105.151435 1.595461 41.408832 -111.032260
S PLAYING 0 -2.528600 16.800048 -97.974763 -3.425444 22.220163 -99.037503 -1.902820 43.483975 -111.864977 2.528600 16.800048 -97.974763 3.079574 30.009052 -104.880272 1.902820 43.483975 -111.864977
S PLAYING 0 -2.964186 14.498129 -96.452708 -3.793520 24.621281 -100.864589 -2.137702 45.124300 -112.498479 2.964186 14.498129 -96.452708 3.534401 29.711300 -104.637183 2.137702 45.124300 -112.498479
S PLAYING 0 -3.290903 12.777905 -95.276468 -3.978974 27.377404 -102.911722 -2.300948 46.261998 -112.918827 3.290903 12.777905 -95.276468 3.863976 29.447052 -104.423145 2.300948 46.261998 -112.918827
S PLAYING 0 -3.486961 11.688150 -94.503313 -3.993826 30.302090 -105.021777 -2.394002 46.849041 -113.117390 3.486961 11.688150 -94.503313 4.057254 29.212678 -104.239267 2.394002 46.849041 -113.117390
S PLAYING 0 -3.538822 11.258755 -94.170985 -3.861153 33.201986 -107.048979 -2.418030 46.858628 -113.089149 3.538822 11.258755 -94.170985 4.107835 29.007164 -104.087178 2.418030 46.858628 -113.089149
S PLAYING 0 -3.442849 11.500154 -94.294677 -3.609728 35.887181 -108.868272 -2.373374 46.285994 -112.831752 3.442849 11.500154 -94.294677 4.014054 28.832816 -103.969283 2.373374 46.285994 -112.831752
S EXIT 0 -3.428158 11.569293 -94.342086 -3.598209 35.867095 -108.855909 -2.366465 46.229941 -112.809909 3.428158 11.569293 -94.342086 3.999630 28.838077 -103.974268 2.366465 46.229941 -112.809909
S EXIT 0 -3.384190 11.776760 -94.484112 -3.563582 35.806888 -108.818819 -2.345668 46.061789 -112.744266 3.384190 11.776760 -94.484112 3.956351 28.853922 -103.989244 2.345668 46.061789 -112.744266
S EXIT 0 -3.311257 12.122714 -94.720161 -3.505641 35.706708 -108.757000 -2.310775 45.781563 -112.634489 3.311257 12.122714 -94.720161 3.884196 28.880544 -104.014269 2.310775 45.781563 -112.634489
S EXIT 0 -3.209876 12.607416 -95.049241 -3.424041 35.566806 -108.670449 -2.261437 45.389309 -112.480020 3.209876 12.607416 -95.049241 3.783128 28.918263 -104.049439 2.261437 45.389309 -112.480020
S EXIT 0 -3.080766 13.231239 -95.469966 -3.318300 35.387537 -108.559162 -2.197164 44.885097 -112.280083 3.080766 13.231239 -95.469966 3.653101 28.967527 -104.094888 2.197164 44.885097 -112.280083
S EXIT 0 -2.924839 13.994664 -95.980560 -3.187800 35.169366 -108.423139 -2.117319 44.269038 -112.033690 2.924839 13.994664 -95.980560 3.494056 29.028911 -104.150786 2.117319 44.269038 -112.033690
S EXIT 0 -2.743195 14.898286 -96.578853 -3.031790 34.912872 -108.262383 -2.021115 43.541288 -111.739644 2.743195 14.898286 -96.578853 3.305926 29.103121 -104.217341 2.021115 43.541288 -111.739644
S EXIT 0 -2.537114 15.942815 -97.262282 -2.849381 34.618759 -108.076900 -1.907613 42.702062 -111.396549 2.537114 15.942815 -97.262282 3.088641 29.190992 -104.294791 1.907613 42.702062 -111.396549
S EXIT 0 -2.308043 17.129072 -98.027891 -2.639556 34.287860 -107.866708 -1.775709 41.751652 -111.002818 2.308043 17.129072 -98.027891 2.842126 29.293485 -104.383411 1.775709 41.751652 -111.002818
S EXIT 0 -2.057586 18.457986 -98.872325 -2.401168 33.921150 -107.631833 -1.624135 40.690441 -110.556681 2.057586 18.457986 -98.872325 2.566311 29.411695 -104.483502 1.624135 40.690441 -110.556681
S EXIT 0 -1.787491 19.930582 -99.791817 -2.132942 33.519752 -107.372319 -1.451440 39.518919 -110.056195 1.787491 19.930582 -99.791817 2.261131 29.546842 -104.595395 1.451440 39.518919 -110.056195
S EXIT 0 -1.501180 21.539165 -100.776839 -1.835129 33.087307 -107.089768 -1.257068 38.244656 -109.502309 1.501180 21.539165 -100.776839 1.928355 29.699430 -104.718765 1.257068 38.244656 -109.502309
S EXIT 0 -1.233455 23.090588 -101.707822 -1.543192 32.676231 -106.818193 -1.063881 37.021157 -108.961151 1.233455 23.090588 -101.707822 1.608012 29.851468 -104.838853 1.063881 37.021157 -108.961151
S EXIT 0 -0.996451 24.504618 -102.540177 -1.273130 32.306730 -106.571478 -0.882860 35.910759 -108.462084 0.996451 24.504618 -102.540177 1.316582 29.994183 -104.949223 0.882860 35.910759 -108.462084
S EXIT 0 -0.788263 25.780139 -103.277838 -1.026299 31.977676 -106.349596 -0.715482 34.913037 -108.007206 0.788263 25.780139 -103.277838 1.054154 30.126291 -105.049515 0.715482 34.913037 -108.007206
S EXIT 0 -0.607218 26.916172 -103.924369 -0.803908 31.688014 -106.152512 -0.563111 34.027552 -107.598370 0.607218 26.916172 -103.924369 0.820795 30.246633 -105.139414 0.563111 34.027552 -107.598370
S EXIT 0 -0.451861 27.911877 -104.482962 -0.607024 31.436782 -105.980185 -0.426980 33.253868 -107.237197 0.451861 27.911877 -104.482962 0.616552 30.354181 -105.218645 0.426980 33.253868 -107.237197
S EXIT 0 -0.320945 28.766544 -104.956437 -0.436572 31.223112 -105.832573 -0.308192 32.591570 -106.925084 0.320945 28.766544 -104.956437 0.441457 30.448035 -105.286975 0.308192 32.591570 -106.925084
S EXIT 0 -0.213419 29.479593 -105.347229 -0.293339 31.046247 -105.709635 -0.207704 32.040281 -106.663213 0.213419 29.479593 -105.347229 0.295528 30.527423 -105.344207 0.207704 32.040281 -106.663213
S EXIT 0 -0.128416 30.050556 -105.657383 -0.177978 30.905543 -105.611335 -0.126325 31.599669 -106.452560 0.128416 30.050556 -105.657383 0.178779 30.591704 -105.390182 0.126325 31.599669 -106.452560
S EXIT 0 -0.065256 30.479078 -105.888548 -0.091006 30.800478 -105.537639 -0.064712 31.269459 -106.293898 0.065256 30.479078 -105.888548 0.091214 30.640364 -105.424772 0.064712 31.269459 -106.293898
S EXIT 0 -0.023429 30.764899 -106.041964 -0.032810 30.730657 -105.488523 -0.023359 31.049439 -106.187805 0.023429 30.764899 -106.041964 0.032837 30.673018 -105.447883 0.023359 31.049439 -106.187805
S EXIT 0 -0.002600 30.907850 -106.118464 -0.003648 30.695813 -105.463970 -0.002599 30.939466 -106.134664 0.002600 30.907850 -106.118464 0.003649 30.689409 -105.459454 0.002599 30.939466 -106.134664
S IDLE 0 -0.000000 30.925721 -106.128016 -0.000000 30.691461 -105.460901 -0.000000 30.925721 -106.128016 -0.000000 30.925721 -106.128016 -0.000000 30.691461 -105.460901 -0.000000 30.925721 -106.128016
S IDLE 0 -0.000000 30.925721 -106.128016 -0.000000 30.691461 -105.460901 -0.000000 30.925721 -106.128016 -0.000000 30.925721 -106.128016 -0.000000 30.691461 -105.460901 -0.000000 30.925721 -106.128016
S IDLE 0 -0.000000 30.925721 -106.128016 -0.000000 30.691461 -105.460901 -0.000000 30.925721 -106.128016 -0.000000 30.925721 -106.128016 -0.000000 30.691461 -105.460901 -0.000000 30.925721 -106.128016
S IDLE 0 -0.000000 30.925721 -106.128016 -0.000000 30.691461 -105.460901 -0.000000 30.925721 -106.128016 -0.000000 30.925721 -106.128016 -0.000000 30.691461 -105.460901 -0.000000 30.925721 -106.128016
S IDLE 0 -0.000000 30.925721 -106.128016 -0.000000 30.691461 -105.460901 -0.000000 30.925721 -106.128016 -0.000000 30.925721 -106.128016 -0.000000 30.691461 -105.460901 -0.000000 30.925721 -106.128016
S IDLE 0 -0.000000 30.925721 -106.128016 -0.000000 30.691461 -105.460901 -0.000000 30.925721 -106.128016 -0.000000 30.925721 -106.128016 -0.000000 30.691461 -105.460901 -0.000000 30.925721 -106.128016
S IDLE 0 -0.000000 30.925721 -106.128016 -0.000000 30.691461 -105.460901 -0.000000 30.925721 -106.128016 -0.000000 30.925721 -106.128016 -0.000000 30.691461 -105.460901 -0.000000 30.925721 -106.128016
S IDLE 0 -0.000000 30.925721 -106.128016 -0.000000 30.691461 -105.460901 -0.000000 30.925721 -106.128016 -0.000000 30.925721 -106.128016 -0.000000 30.691461 -105.460901 -0.000000 30.925721 -106.128016
